user_input,retrieved_contexts,response,reference,faithfulness,answer_relevancy,context_recall,context_precision,query_mode,top_k
5岁男童，平素喜食油炸零食。近3日食积不化、腹胀如鼓拒按，不思饮食，时有恶心；排便困难（3日未行），口中臭秽明显；手足心发热，小便色黄。舌脉未见明显异常。请按中医辨证论治给出：1)中医病名 2)证型 3)辨证要点 4)治法 5)代表方（列核心药味即可）。,"['[中药学 | 第十六章 > 食积不化,脘腹胀满,脾虚食少 | 食积不化,脘腹胀满,脾虚食少] 1.食积不化,脘腹胀满,脾虚食少\n本品甘平,\n功能行气消食\n健脾开胃,尤善促进淀粉性\n食物的消化。主治米面薯芋类饮食积滞\n脘腹胀满,常与山楂。神曲。鸡内金等同用;  洽小儿乳\n食停滞\n单用本品煎服或研末服;  若治脾虚食少,食后脘腹胀满,常与白术。陈皮等益气健脾药\n同用。', '[金匮要略 | 痰饮 > ) | )] 眩吐涎\n小便不利\n临床应用 )\n本方证可兼见大便秘结 _\n小便不利。浮肿。脉沉弦有力等症。病人服药后可泻出痰涎,\n并有\n舒适感。本方对肺心病。心包炎\n胸膜炎.哮喘。肝硬化腹水。急性肾功能衰竭。幽门梗阻等属\n饮邪内结。痰热壅滞的实证,均有一定疗效。但脾虚饮停者不宜。(医案举例 )\n朱某,男,25 岁。春间患风寒咳嗽,及至全身浮肿,\n医用开鬼门法 ,\n浮肿全消,\n但咳嗽仍\n紧,腹感满胀:..迁延半年,腹大如鼓。吾夏月治其邻人某之病,\n因来复诊,按脉沉实,面目浮\n肿。口舌干燥,却不渴,腹大如瓮,有时鸣声胀满,延及膻中,小便黄短,大便燥结,数日一\n行,起居饮食尚', '[中医诊断学 | 第一章 > 舌  诊 > 舌象分析要点 | 舌象分析要点] 54\n中医诊断学\n掌握舌象与疾病发展娈化的关系 ,\n可以充分认识疾病不同阶段所发生的病理改娈,为早期诊\n断。早期治疗提供重要依据。\n表1-4\n临床常见舌象及临床意义简表\n舌象\n简称\n临床意义\n舌质\n舌苔\n淡红\n薄白\n淡红舌 ,薄白苔\n健康人;风寒表证;病势轻浅\n白苔\n舌尖红 ,白苔\n风热表证;心火亢盛\n白似积粉\n淡红舌 ,积粉苔\n瘟疫初起;或有内痈\n白腐\n淡红舌 ,白腐苔\n痰食内停;胃浊蕴热\n黄白相兼\n淡红舌 ,黄卣苔\n外感表证将要传里化热\n白腻而厚\n淡红舌 ,白厚腻苔\n湿浊痰饮内停;食积胃肠;寒湿痹证\n薄黄\n淡红舌 ,薄黄苔\n里热轻证;风热表证\n黄干少', '[中药学 | 第十六章 > 食积不消,呕吐泻痢,小儿疳积 | 食积不消,呕吐泻痢,小儿疳积] 1.食积不消,呕吐泻痢,小儿疳积\n本品消食化积作用较强 ,\n并可健运脾胃\n故广泛用于米\n面薯芋乳肉等各种食积证。病情较轻者 ,\n单味研末服即有效,\n如《千金要方》单用本品治消化不\n良引起反胃吐食;  若治食积较重者,常与山楂。麦芽等同用,以增强消食化积之功。用治小儿脾\n虚疳积,常配伍白术。山药。使君子等药。', '[中医诊断学 | 第一章 > 舌  诊 > 望舌形 | 望舌形] 46\n中医诊断学\n虚。阴虚火旺。机理分析)  舌淡胖大者,多为脾肾阳虚,津液输布障碍,水湿之邪停滞于体内的表现。舌\n红胖大者 ,多属脾胃湿热或痰热相搏 ,\n湿热痰饮上泛所致\n舌肿胀色红绛,\n其成因主要有心脾热\n盛。热毒上壅;或素嗜饮酒 ,又病温热,邪热夹酒毒上壅;或因中毒导致血液瘀滞。此外,先天\n性舌血管瘤患者,\n可因舌局部血络瘀闭,呈现青紫肿胀。瘦薄舌总由气血阴液不足,不能充盈舌体 ,\n舌失濡养所致。舌体瘦薄而色淡者,多是气血两\n虚;舌体瘦薄红绛 ,\n舌干少苔或无苔者 ,多见于阴虚火旺。图1 -20\n胖大舌\n图1-21\n瘦薄舌\n3。点。刺舌\n{舌象特征', '[医案示例] 用户问题（摘要）：男性，3岁。主诉及病史:患儿受凉伤食，发热汗出，气逆咳嗽，病已7日。曾服疏表宣肺之剂多付，病有增无减，每日午后壮热尤甚，彻夜咳嗽不休，不能合目。诊查:小便黄少，大便秘结3日。舌苔微黄而燥，指纹色紫，脉滑数。\n四步推理：\n- 信息提取：受凉;伤食;发热汗出;气逆咳嗽;午后壮热尤甚;小便黄少;大便秘结3日;舌苔微黄而燥;指纹色紫;脉滑数\n- 病机推理：B:外邪袭肺; C:入里化热\n- 证候推理：C:阳明燥实; F:外感夹滞\n- 解释总结：临证体会：《素问·咳论》：“五脏六腑皆令人咳，非独肺也。”然其病变皆主于肺，外邪袭肺，以肺主气而声由此出，故咳嗽之病，无不及于肺。入里化热，则小便黄少，大便秘结。', '[医案示例] 用户问题（摘要）：男性，65岁。初诊：1973年。主诉及病史：身体瘦弱，纳食量少，气候温和咳嗽较轻，气候渐寒则咳嗽逐渐加剧，心跳，气短，胸闷，多稀痰。诊查：脉弱，舌质色淡。\n四步推理：\n- 信息提取：身体瘦弱;纳食量少;气短;胸闷;脉弱;舌质色淡\n- 病机推理：身体瘦弱:脾阳不足;纳食量少:脾阳不足;气短:脾阳不足;胸闷:脾阳不足;脉弱:脾阳不足;舌质色淡:脾阳不足\n- 证候推理：脾阳不足:脾阳虚\n- 解释总结：临证体会：本例为脾阳不足、水湿停肺、宣降失职而致寒饮咳嗽，以咳喘痰稀、纳差、脉弱为主要见症。', '[医案示例] 用户问题（摘要）：男性，24岁。初诊：1984年。主诉及病史：1984年下旬，因饮食不洁而引起发热，体温高达40℃，曾在某医院按“上感”治疗未效，又按“急性胃肠炎”治疗亦不效。1984年收住天津医院中医科。诊查：患者发热，白昼热不扬，夜间加重，高达39℃，恶寒，无汗，身重酸楚，口干不欲饮，恶心呕吐，心烦懊快，脘闷纳呆，腹痛拒按，大便日2～3次，呈水样便，无里急后重。舌红苔白腻，脉濡略数。化验检查：白细胞不高；大便常规：粘液便，脓球3～4，红细胞0～1;余无异常。\n四步推理：\n- 信息提取：急性胃肠炎;恶寒;无汗;身重酸楚;口干不欲饮;恶心呕吐;心烦懊快;脘闷纳呆;腹痛拒按;水样便;舌红苔白腻;脉濡略数\n- 病机推理：急性胃肠炎:饮食不洁;无汗:暑湿束表;恶寒:暑湿束表;身重酸楚:暑湿束表;口干不欲饮:升降失常;恶心呕吐:升降失常;心烦懊快:疫毒乘虚内侵中焦;脘闷纳呆:升降失常;腹痛拒按:升降失常;水样便:湿热蕴结肠道;舌红苔白腻:脾胃湿热;脉濡略数:脾胃湿热\n- 证候推理：饮食不洁:湿热中阻;脾胃湿热:湿热中阻;疫毒乘虚内侵中焦:湿热中阻;升降失常:湿热中阻;湿热蕴结肠道:湿热中阻;暑湿束表:复感外邪\n- 解释总结：临证体会：患者七月下旬发病，正值夏暑多湿之季，易感湿热之邪，加以饮食不洁，损伤脾胃湿热疫毒乘虚内侵中焦，湿热中阻而发病。正如薛生白所说：“太阳内伤，湿饮停聚，客邪再至，内外相引，故病湿热。”湿热中阻，升降失常，上逆而为恶心呕吐，胸闷纳呆；脾失健运，湿邪困脾，津不上承而口干不欲饮；湿热蕴结肠道，传导失司，灼伤脉络而大便稀薄，腹痛便带脓血；暑湿束表则恶寒无汗，身重酸楚；胸中郁热则懊帐心烦；夜间热甚者，盖夜属阴，湿为阴邪，旺于阴分。按一般湿温而言，热不甚高，脉亦不数，今患者发热达40℃，脉亦略数，系湿热并重之势。', '[医案示例] 用户问题（摘要）：男孩，2岁零3个月。初诊：1974年。主诉(患儿父亲代诉)及病史：已咳嗽20多日，加重半个月。近则每次连续咳10～20声不等，末后发出吸气性鸡鸣声，咳时面红流泪，俯首弯腰，满身大汗。经某西医院诊断为百日咳，治疗多次，每夜给适量镇静剂也无法镇咳，故转求中医诊治。诊查：咳嗽兼旬，咳久伤络，火郁于肺，咳声连续不歇，面红流泪，舌干燥无津，脉来细数。\n四步推理：\n- 信息提取：面红流泪;满身大汗;咳嗽;咳声连续不歇;舌干燥无津;脉来细数\n- 病机推理：面红流泪:郁火伤津之象;满身大汗:郁火伤津之象;咳嗽:痰浊瘀血阻滞上焦;咳声连续不歇:痰浊瘀血阻滞上焦;舌干燥无津:郁火伤津之象;脉来细数:郁火伤津之象\n- 证候推理：痰浊瘀血阻滞上焦:火郁于肺;郁火伤津之象:火郁于肺\n- 解释总结：临证体会：其病机为痰浊瘀血阻滞上焦，郁遏气道，肺气不能通达，以致咳嗽阵作。舌干燥无津，乃郁火伤津之象。']","### 四步辨证分析  
#### 1. **信息提取**  
- 食积不化；腹胀如鼓拒按；不思饮食；恶心；大便秘结3日；口中臭秽；手足心发热；小便黄。  

#### 2. **病机推理**  
- **饮食不节（油炸零食）**：过食肥甘厚味，损伤脾胃，致 **食积内停**，阻滞胃肠气机，故腹胀如鼓拒按、不思饮食。  
- **食积化热**：食积郁而化热，热盛伤津，故口中臭秽、手足心发热、小便黄；热结肠道，传导失司，故便秘3日。  
- **舌脉未见异常**：提示病程较短，尚未出现明显舌苔或脉象的病理改变，但症状已显实热积滞。  

#### 3. **证候推理**  
- **核心证型**：**食滞化热证**（主证）；  
- **兼夹证**：**胃肠积热**（便秘、口臭、小便黄）。  

#### 4. **解释总结**  
- **病名**：食积（胃肠积滞）。  
- **辨证要点**：过食肥甘致食积内停，郁而化热，热盛伤津，腑气不通。  
- **治法**：消食导滞，清热通便。  
- **代表方**：**保和丸合小承气汤加减**  
  - **核心药味**：  
    - 消食导滞：山楂、神曲、莱菔子、麦芽（【来源 | 中药学 | 食积不化,脘腹胀满,脾虚食少】）；  
    - 清热通便：大黄、枳实、芒硝（针对便秘、热象）；  
    - 健运脾胃：若后期需恢复脾胃，可加白术、陈皮（【来源 | 中药学 | 食积不消,呕吐泻痢,小儿疳积】）。  

---

### 答案  
1. **中医病名**：食积（胃肠积滞）  
2. **证型**：食滞化热证  
3. **辨证要点**：  
   - 饮食不节致食积内停，郁而化热，热盛伤津，腑气不通。  
   - 关键症状：腹胀拒按、便秘、口臭、手足心热、小便黄。  
4. **治法**：消食导滞，清热通便。  
5. **代表方**：**保和丸合小承气汤加减**  
   - **核心药味**：山楂、神曲、莱菔子、麦芽（消食）、大黄、枳实（通便）、芒硝（软坚）。  

---

### 依据说明  
- **消食药**（山楂、神曲、麦芽等）依据【中药学 | 食积不化,脘腹胀满,脾虚食少】及【中药学 | 食积不消,呕吐泻痢,小儿疳积】。  
- **通便清热**（大黄、芒硝、枳实）为中医经典方剂小承气汤化裁，针对热结便秘。  
- 病机分析结合《中医诊断学》中食积化热的典型表现（如白厚腻苔虽未提及，但症状符合实热积滞）。",病名=食积；证型=食积化热、腑气不通证；要点=饮食不节→食积中焦郁久热，腹胀拒按、便秘为腑气不通；恶心为胃失和降；口臭、小便黄、手足心热为内热；治法=消食导滞，清热通腑；方=保和丸加减（山楂/神曲/莱菔子/陈皮/半夏/茯苓/连翘，便秘加大黄、芒硝）。,1.0,0.4837686584329611,1.0,0.6666666666444444,diagnosis,5
7岁女童，暴食冷饮后腹痛腹胀，嗳腐酸臭，纳呆，恶心欲吐，大便溏薄夹不消化食物，手足不温。舌淡苔白腻，脉滑。请辨证论治（同上结构）。,"['[中医诊断学 | 第七章 > 食滞胃脘证 | 食滞胃脘证] (十二)食滞胃脘证\n食滞胃脘证是指饮食停积胃脘 _\n以胃脘胀满疼痛。拒按,\n嗳腐吞酸 泻下臭秽及气滞症状为\n主要表现的证。\n证候表现/胃脘胀满疼痛\n拒按,厌恶食物\n嗳腐吞酸,\n或呕吐酸馊食物\n吐后胀痛得减,\n或腹胀腹痛,泻下不爽,肠鸣 ,\n矢气臭如败卵 ,\n大便酸腐巢秽 ,\n舌苔厚腻,\n脉滑。\n证候分析)多因暴饮暴食,食积不化;  或因素体胃气虚弱,稍有饮食不慎,\n即停滞难化\n而成。\n食积胃脘,\n胃失和降 ,\n气机不畅,故胃脘胀满疼痛。拒按; 食积于内,腐熟不及\n则拒于受\n纳,\n故厌恶食物; 胃失和降,\n胃气上逆,\n胃气夹积食\n浊气上逆,\n则嗳腐吞酸,', '[中医诊断学 | 第一章 > 第五节 | 第五节] 者 ,多属脾胃虚寒,\n因脾胃阳虚,\n气不化津所致。口中时吐黏涎者,多属脾胃湿热,为湿热困阻中焦。脾失运化。湿浊上泛所致。小儿口角流涎,涎渍颐下,病名曰滞颐,多由脾虚不能摄津所致。亦可见于胃热虫积c\n0\n睡中流涎者,多为胃中有热或宿食内停 ,痰热内蕴。时时吐唾,多因胃中虚衿 ,肾阳不足,水液上泛所致;胃有宿食,或湿邪留滞\n唾液随胃气\n上逆而溢于口c\n四 望呕吐物\n呕吐是胃气上逆所致\n外感。内伤皆可引起。呕吐物有多种多样 ,有饮食物。清水或痰涎,\n亦可能混有脓。血等。通过观察其形。色。质。量的特点,有助于了解呕吐的原因和病性的寒热\n虚实。呕吐物清稀无酸臭,多', '[中医诊断学 | 第七章 | 第七章] 浮\n肿。内脏下垂。慢性出血等。胃病主要病理为受纳。和降。腐熟功能障碍,其常见的症状有胃脘\n胀满或疼痛 。嗳气。恶心。呕吐。呃逆等。脾病和胃病常见证型均有虚。实之分。脾病虚证多见脾气虚证。脾虚气陷证。脾阳虚证。脾\n不统血证;脾病实证有湿热蕴脾证。寒湿困脾证。胃病虚证多见胃气虚证\n胃阳虚证。胃阴虚\n证;胃病实证有寒滞胃脘证。胃热炽盛证。食滞胃脘证。', '[中医诊断学 | 第三章 | 第三章] 上篇\n\n第三章\n问  诊  85\n小儿偏嗜生米。泥土,兼见腹胀腹痛。面色萎黄,属虫积,乃由饮食不洁 ,虫积肠道,脾胃\n运化失常所致。\n妇女妊娠期间偏嗜酸辣食物,为生理现象 ,\n不属病态c\n正常人由于地域或生活习惯不同,亦常有饮食的偏嗜\n一般不会引起疾病\n但若饮食偏嗜太\n甚。亦可能诱发或导致疾病 ,\n如偏嗜肥甘易生痰湿\n过食辛辣易致燥热,过食生冷易伤脾胃等。\n此外 ,\n在疾病过程中\n根据患者对饮食寒热的喜好不同,可帮助了解病性之寒热,如喜食温\n热者多属寒证,喜食寒凉者多属热证。\n脾胃为后天之本,气血生化之源。在疾病的过程中,观察患者食欲与食量的娈化也可测知', '[中药学 | 第十四章 > 胃寒眍吐。腹痛泄泻。食欲不振 | 胃寒眍吐。腹痛泄泻。食欲不振] 1.胃寒眍吐。腹痛泄泻。食欲不振\n本品味辛性热,\n能温中散寒止痛,用治胃寒脘腹衿痛\n呕吐。可单用研末入猪肚中炖服。\n或与高良姜。荜芨等同用;  治反胃 _\n不欲饮食,\n可与半夏 姜\n汁为丸服;  治脾胃虚寒之泄泻,可与吴茱萸。白术等同用。', '[医案示例] 用户问题（摘要）：女性，20岁。初诊:1981年。主诉及病史:食后呕吐已2年余，常于餐后10~30分钟即发呕吐。有呕吐之征，而无恶心之感，至吐出所进饮食遂安，脘腹无明显胀痛不适感。餐后口干，喜进汤饮或喝水，但饮后又复呕吐。大便干结不畅，形体消瘦。患者一度不思饮食，曾查肝功能、上消化道钡餐均无异常发现，诊为“神经性呕吐”，屡经中西药物治疗，效果不彰。诊查:患者诉自发生呕吐以来，月经不潮长达7个月之久，去年一度潮后又复闭经，迄今未潮，且常感头昏，面色略显晦滞，但形体不变，性情沉闷，寡言不欢，懒于动作，时易气恼，大便5日一更，苔薄脉和弦小。\n四步推理：\n- 信息提取：食后呕吐;大便干结不畅;形体消瘦;月经不潮;头昏;面色略显晦滞;性情沉闷;寡言不欢;懒于动作;时易气恼;大便5日一更;苔薄脉和弦小\n- 病机推理：食后呕吐:胃气不降;月经不潮:肝气失疏;头昏:肝气失疏;面色略显晦滞:肝气失疏;性情沉闷:肝气失疏;寡言不欢:肝气失疏;时易气恼:肝气失疏;懒于动作:肝气失疏;苔薄脉和弦小:肝气失疏;大便5日一更:肝气失疏;大便干结不畅:肝气失疏;形体消瘦:肝气失疏\n- 证候推理：胃气不降:肝气犯胃;肝气失疏:肝气犯胃\n- 解释总结：临证体会：“反胃”一证，究于胃气不降，而本例胃气所以不降，当责之于肝之失疏。盖患者餐后即吐，虽经2年，但形体不变，诊见弦脉，非一般虚寒无火不燠水谷之反胃可知，且见面色暗滞、性情沉闷、寡言易恼、经期不潮等一派肝气失疏、气机失畅之征。肝既郁而不疏，则中运滞而失降，此系本例反胃呕吐之病机癜结。', '[医案示例] 用户问题（摘要）：男性，12岁。主诉及病史：患周期性腹痛，呕吐3年余。起病于饮食生冷，每于饮食不节即诱发。曾经摄片、剖腹探查未确诊。后经检查发现脑电图异常，诊断为腹型癫痫，用大仑丁等治疗亦未奏效。每半月左右便大发作1次。诊查：患儿发作时弯腰捧腹，唇白面青，额出冷汗，呕吐如射，缓解后则一如常人。舌苔薄白，舌质偏红\n四步推理：\n- 信息提取：周期性腹痛;呕吐;饮食不节;唇白面青;额出冷汗;呕吐如射;舌质偏红\n- 病机推理：周期性腹痛:脾寒;呕吐:胃失和降;饮食不节:胃失和降;唇白面青:脾寒;额出冷汗:脾寒;呕吐如射:胃失和降;舌质偏红:肝木上亢\n- 证候推理：脾寒:脾寒肝旺;肝木上亢:脾寒肝旺;胃失和降:胃气上逆\n- 解释总结：临证体会：本例起于贪食生冷，发于饮食不节，唇白苔薄，为脾寒之象；发时大腹剧痛，面色发青，呕吐如射，舌质偏红，又系肝木上亢，胃失和降之征。《幼科铁镜》谓：“肝木乘脾痛者，肝木克脾，脾虚不胜其克，则肝气无所泄，故乘脾之衰而作痛也。其候唇白，口中色淡，面多青色，痛则腹连两胁，重按其腹则痛止，起手又痛是也。”', '[医案示例] 用户问题（摘要）：女性，50岁。初诊:1983年。主诉及病史:近40天来，胸骨后及胃脘部胀痛，胸骨后有灼热感，吞咽时有梗噎感，伴嗳气、恶心、泛酸，时呕吐出食物，纳食差，大便秘结。进寒冷食物时疼痛加剧，周身疲乏无力，经用中西药治疗无明显效果。诊查:现面色无华。舌质淡红、舌苔薄黄，脉弦滑略数，经钡餐透视检查诊为可复性食管裂孔疝，反流性食管炎。\n四步推理：\n- 信息提取：胸骨后及胃脘部胀痛;胸骨后有灼热感;吞咽时有梗噎感;嗳气;恶心;泛酸;呕吐;纳食差;便秘结;舌苔薄黄;脉弦滑略数\n- 病机推理：胸骨后及胃脘部胀痛:胃失和降;胸骨后有灼热感:胃失和降;吞咽时有梗噎感:肝郁气滞;嗳气:胃失和降;恶心:胃失和降;泛酸:胃失和降;呕吐:胃失和降;纳食差:胃失和降;便秘结:内有郁热;舌苔薄黄:内有郁热;脉弦滑略数:肝郁气滞;脉弦滑略数:内有郁热;脉弦滑略数:痰实\n- 证候推理：胃失和降:肝胃不和;肝郁气滞:肝胃不和;内有郁热:痰热互结;痰实:痰热互结\n- 解释总结：临证体会：此例胃脘胀痛，并有胸骨后食管灼热疼痛，吞咽时有梗噎感，显系胃失和降，肝郁气滞;舌苔黄，脉滑略数，显系内有郁热、痰实。']","### 四步辨证分析  

#### 1. 信息提取  
- **症状**：暴食冷饮后腹痛腹胀；嗳腐酸臭；纳呆；恶心欲吐；大便溏薄夹不消化食物；手足不温。  
- **舌脉**：舌淡苔白腻，脉滑。  
- **病程**：暴食冷饮后急性发作。  

---

#### 2. 病机推理  
- **暴食冷饮后腹痛腹胀**：饮食停滞，胃失和降，气机阻滞。  
- **嗳腐酸臭**：食积腐败，浊气上逆。  
- **纳呆**：胃气被积食阻滞，受纳功能失常。  
- **恶心欲吐**：胃气上逆，浊气不降。  
- **大便溏薄夹不消化食物**：脾虚运化失职，食积下注肠道。  
- **手足不温**：脾胃阳气受损，温煦功能减弱（暴食冷饮伤及中阳）。  
- **舌淡苔白腻**：食滞内停，浊气上泛；淡舌提示阳气不足或寒证。  
- **脉滑**：食滞痰浊内停。  

---

#### 3. 证候推理  
- **核心证型**：食滞胃脘证（依据症状与【中医诊断学 | 第七章 > 食滞胃脘证 | 食滞胃脘证】完全匹配）。  
- **兼夹证型**：脾胃虚寒（手足不温、舌淡苔白腻提示阳气不足，与冷饮伤阳相关）。  

---

#### 4. 解释总结  
**病机分析**：  
患者因暴食冷饮，导致饮食积滞于胃脘，胃失和降，气机阻滞，故见腹痛腹胀、嗳腐酸臭、纳呆、恶心欲吐。食积下注肠道，脾虚运化失职，故大便溏薄夹不消化物。暴食冷饮更伤脾胃阳气，致手足不温、舌淡苔白腻。脉滑为食滞痰浊之象。  

**治法方向**：  
以消食导滞为主，兼以温中散寒。  
- **方药举例**：保和丸（山楂、神曲、莱菔子、半夏、陈皮、茯苓、连翘）加干姜、吴茱萸、砂仁温中散寒（依据【中医诊断学 | 第七章 > 食滞胃脘证 | 食滞胃脘证】证候分析及【中药学 | 第十四章 > 胃寒呕吐 | 胃寒呕吐】治法）。  

---

**关键依据标注**：  
- 食滞胃脘证的辨证依据及病机分析：【中医诊断学 | 第七章 > 食滞胃脘证 | 食滞胃脘证】。  
- 胃寒证的治法参考：【中药学 | 第十四章 > 胃寒呕吐。腹痛泄泻。食欲不振 | 胃寒呕吐。腹痛泄泻。食欲不振】。",病名=食积；证型=寒湿食滞（食积夹寒湿）证；要点=冷饮伤脾阳→运化失司，食滞中焦，嗳腐酸臭、纳呆；寒湿困脾→便溏夹不化、苔白腻、手足不温；治法=温中化湿，消食导滞；方=香砂六君子汤合保和丸化裁（或平胃散合消导药：山楂/神曲/莱菔子配厚朴/陈皮/苍术）。,1.0,0.7200856536796868,1.0,,diagnosis,5
32岁女，便秘半年，大便干结如羊屎，排便费力，口干咽燥，五心烦热，夜寐不安。舌红少津，脉细数。请辨证论治（同上结构）。,"['[中药学 | 第二十八章 > 便秘常用药 | 便秘常用药] 15.便秘常用药\n(1)实热内结证:  大黄\n芒硝  番泻叶  芦荟  牵牛子\n虎杖  枳实  厚朴\n(2)津枯肠燥证:  火麻仁  郁李仁  蜂蜜  苦杏仁  桃仁  柏子仁  松子仁\n瓜蒌仁\n决明\n子  冬葵子  紫苏子  知母  天冬  麦冬  玄参\n(3)精血亏虚证:  当归  桑椹  黑芝麻\n生何首鸟\n核桃仁\n肉苁蓉\n锁阳\n怀牛膝\n(4)气滞肠燥证:  槟榔  枳实  木香  厚朴  郁李仁\n(5〉阳虚寒凝证:  巴豆\n硫黄\n肉苁蓉  锁阳  核桃仁', '[中药学 | 第十章 > 第二节 > 津枯肠燥。食积气滞,腹胀便秘 | 津枯肠燥。食积气滞,腹胀便秘] 1.津枯肠燥。食积气滞,腹胀便秘\n本品质润多脂\n润肠通便作用类似火麻仁而力较强\n且\n润中兼可行大肠之气滞。常与火麻仁柏子仁 杏仁等润肠通便药同用,\n用于津枯肠燥便秘之\n证。如五仁丸 (《世医得效方》)。若食积气滞,\n腹胀便秘,可与枳实。厚朴。陈皮等药配伍;  若\n与芒硝。当归。生地等配伍,可治产后肠胃燥热,大便秘结。', '[金匮要略 | 痰饮 > ) | )] 眩吐涎\n小便不利\n临床应用 )\n本方证可兼见大便秘结 _\n小便不利。浮肿。脉沉弦有力等症。病人服药后可泻出痰涎,\n并有\n舒适感。本方对肺心病。心包炎\n胸膜炎.哮喘。肝硬化腹水。急性肾功能衰竭。幽门梗阻等属\n饮邪内结。痰热壅滞的实证,均有一定疗效。但脾虚饮停者不宜。(医案举例 )\n朱某,男,25 岁。春间患风寒咳嗽,及至全身浮肿,\n医用开鬼门法 ,\n浮肿全消,\n但咳嗽仍\n紧,腹感满胀:..迁延半年,腹大如鼓。吾夏月治其邻人某之病,\n因来复诊,按脉沉实,面目浮\n肿。口舌干燥,却不渴,腹大如瓮,有时鸣声胀满,延及膻中,小便黄短,大便燥结,数日一\n行,起居饮食尚', '[中药学 | 第二十四章 > 肠燥便秘 | 肠燥便秘] 2.肠燥便秘\n本品甘咸质润,\n入大肠能润肠通便\n治发汗太过。津液耗伤而致大便秘结,可\n与沉香。麻子仁同用,如润肠丸 (《济生方》);  治肾气虚弱,大便不通,小便清长,腰酸背令\n可与当归。牛膝 泽犸等同用,如济川煎 (《景岳全书》)。\n用法用量 )\n煎服,6~ IOg。\n使用注意 )\n本品能助阳。滑肠,故阴虚火旺。热结便秘。大便溏泻者不宜服用c\n现代研究 )', '[中药学 | 第十八章 > 热结便秘  本品苦寒。能泻热通便,功似大黄, | 热结便秘  本品苦寒。能泻热通便,功似大黄,] 3.热结便秘  本品苦寒。能泻热通便,功似大黄,\n作用缓和,素有 ""土大黄""  之称。用治热\n结便秘 ,\n可单味煎服。也可与芒硝同用。\n(用法用量 )  煎服,\n10~ 158;  鲜品30~50g, 也可绞汁去渣服用;  外用适量。\n现代研究 )', '[医案示例] 用户问题（摘要）：女性，50岁。初诊：1983年。主诉及病史：大便秘结，坚如羊矢14年。患者自述，在1968年胆囊切除术前后，注射及口服氯霉素制剂较多，以后就出现大便秘结，五六天或七八天解一次，大便坚燥。十数年来，依靠服蜂蜜、大黄水、当归芦荟丸等维持，殊不知越服大便越秘，甚为所苦。胆囊切除后仍上脘隐痛，阵发性剧痛，大发作时须肌注冬眠宁、杜冷丁方能缓解。诊查：腕、肘、膝、踝诸关节酸痛，食少，大便后饮食稍增，不易入睡，性情急躁，口苦喜热饮，五心烦热，脘痛巅眩。舌质红淡紫，苔薄黄，脉弦略数。\n四步推理：\n- 信息提取：大便秘结;上脘隐痛;阵发性剧痛;关节酸痛;食少;不易入睡;性情急躁;口苦喜热饮;五心烦热;脘痛巅眩;舌质红淡紫;苔薄黄;脉弦略数\n- 病机推理：大便秘结:出入升降之机停废;上脘隐痛:出入升降之机停废;阵发性剧痛:肝气郁滞;关节酸痛:出入升降之机停废;食少:肝气郁滞;不易入睡:出入升降之机停废;性情急躁:肝气郁滞;口苦喜热饮:出入升降之机停废;五心烦热:出入升降之机停废;脘痛巅眩:肝气郁滞;舌质红淡紫:肝气郁滞;苔薄黄:出入升降之机停废;脉弦略数:肝气郁滞\n- 证候推理：肝气郁滞:肝胆湿热郁滞;出入升降之机停废:气血失和\n- 解释总结：临证体会：本例因肝气郁滞，少阳枢机不利，出入升降之机停废而导致大便秘结，艰涩不通。', '[医案示例] 用户问题（摘要）：男性，60岁。主诉及病史：患者为一外科痔疮住院病人，手术后不大便已6日，曾多次服泻下药无效，继又灌肠2次，大便仍不通，甚以为苦。西医亦感棘手。乃商于予，用中药通便。诊查：诊视病人大腹胀硬，面红气粗，欲大便不得。舌红少津，六脉沉涩。\n四步推理：\n- 信息提取：大腹胀硬;面红气粗;舌红少津;六脉沉涩\n- 病机推理：大腹胀硬:血枯火秘证;面红气粗:血枯火秘证;舌红少津:血枯火秘证;六脉沉涩:血枯火秘证\n- 证候推理：血枯火秘证:燥结便秘\n- 解释总结：临证体会：本案为老年血枯火秘证，故泻下、灌肠便不通。', '[医案示例] 用户问题（摘要）：男性，27岁。初诊：1982年。主诉及病史：西医诊断为粘连性肠梗阻。诊查：平素嗜纳牛羊肉，经常便秘腹痛。脉弦，苔薄。\n四步推理：\n- 信息提取：便秘腹痛;脉弦;苔薄\n- 病机推理：便秘腹痛:腑气不通;脉弦:腑气不通;苔薄:腑气不通\n- 证候推理：腑气不通:阳明腑实\n- 解释总结：临证体会：此例系粘连性肠梗阻所致的腹痛，因热结于内，气血瘀滞，腑气不通，故见大便秘结，腹胀且痛，属阳明腑实。']","### 四步辨证分析  
#### 1. 信息提取  
- 大便干结如羊屎；  
- 排便费力；  
- 口干咽燥；  
- 五心烦热；  
- 夜寐不安；  
- 舌红少津；  
- 脉细数。  

---

#### 2. 病机推理  
- **大便干结如羊屎**：肠道津液亏虚，肠燥失润；  
- **排便费力**：津液不足，肠道传导无力；  
- **口干咽燥**：阴液耗损，津不上承；  
- **五心烦热**：阴虚内热，虚火内扰；  
- **夜寐不安**：阴虚火旺，心神不宁；  
- **舌红少津**：津液亏虚，虚热内生；  
- **脉细数**：阴虚血少，虚热内炽。  

---

#### 3. 证候推理  
- **核心证型**：**津枯肠燥证**（兼阴虚内热）。  
  - 依据：症状符合《中药学 | 第二十八章 | 便秘常用药》中“津枯肠燥证”的表现（大便干结、口干咽燥、舌红少津），且《中药学 | 第十章 | 津枯肠燥》提到“润肠通便药”如火麻仁、郁李仁等适用此证。  
  - 阴虚内热表现（五心烦热、脉细数）进一步支持津液亏虚基础上的虚热。  

---

#### 4. 解释总结  
**临证体会**：患者因阴液亏虚，肠道津液不足，虚热内扰，导致大便干结如羊屎、排便费力，兼见口干、五心烦热、失眠等症，属**津枯肠燥兼阴虚内热证**。  

**治法方向**：  
- **治则**：滋阴润燥，养血通便。  
- **方药思路**：  
  - 润肠药：火麻仁、郁李仁（《中药学 | 第二十八章 | 便秘常用药》）；  
  - 滋阴药：麦冬、玄参、生地（《中药学 | 第二十八章 | 津枯肠燥》）；  
  - 清虚热：知母、地骨皮。  
- **参考方剂**：可参考《济生方》润肠丸（火麻仁、沉香）或《景岳全书》济川煎（肉苁蓉、当归）加减，但需结合阴虚特点调整。  

注：具体用药需结合体质及辨证细节，临床需由中医师面诊后调整。",病名=便秘；证型=阴虚肠燥证；要点=阴虚津亏→肠失濡润，大便干结；虚热内扰→五心烦热、口干、脉细数、舌红少津；治法=滋阴润燥，增液通便；方=增液汤加减（玄参/麦冬/生地，便难甚可佐火麻仁）。,,,,,diagnosis,5
45岁男，便秘反复，排便不爽，腹胀腹痛时作，情志不畅时加重，嗳气频作。舌苔薄白，脉弦。请辨证论治。,"['[金匮要略 | 痰饮 > ) | )] 眩吐涎\n小便不利\n临床应用 )\n本方证可兼见大便秘结 _\n小便不利。浮肿。脉沉弦有力等症。病人服药后可泻出痰涎,\n并有\n舒适感。本方对肺心病。心包炎\n胸膜炎.哮喘。肝硬化腹水。急性肾功能衰竭。幽门梗阻等属\n饮邪内结。痰热壅滞的实证,均有一定疗效。但脾虚饮停者不宜。(医案举例 )\n朱某,男,25 岁。春间患风寒咳嗽,及至全身浮肿,\n医用开鬼门法 ,\n浮肿全消,\n但咳嗽仍\n紧,腹感满胀:..迁延半年,腹大如鼓。吾夏月治其邻人某之病,\n因来复诊,按脉沉实,面目浮\n肿。口舌干燥,却不渴,腹大如瓮,有时鸣声胀满,延及膻中,小便黄短,大便燥结,数日一\n行,起居饮食尚', '[金匮要略 | 上燥下寒水停 | 上燥下寒水停] 例 )\n余某,72岁 ,患小便点滴不通 ,\n曾用八正。五苓及西药利尿。导尿诸法均不效,\n患者拒用\n手术,经友人介绍余诊。诊见:  口渴甚苦而不欲饮,\n以水果自舐之,小便点滴不通 ,\n少腹胀急难\n忍,手足微凉,\n舌质胖有齿痕。苔黄腻偏干 ,\n脉沉细而数。诊为高年癃闭 ,\n投栝楼瞿麦丸加车前\n子。牛膝。天花粉128,瞿麦 IOg,茯苓128,山药128,牛膝128, 车前子128(包)。熟附子\nIOg。药服1剂,小便渐通,胀急略减。再服3剂,病去若失。[程昭寰 .谈《金匮》栝楼瞿麦丸\n证 .山东中医杂志,\n1983(2): &]', '[中药学 | 第二十八章 > 便秘常用药 | 便秘常用药] 15.便秘常用药\n(1)实热内结证:  大黄\n芒硝  番泻叶  芦荟  牵牛子\n虎杖  枳实  厚朴\n(2)津枯肠燥证:  火麻仁  郁李仁  蜂蜜  苦杏仁  桃仁  柏子仁  松子仁\n瓜蒌仁\n决明\n子  冬葵子  紫苏子  知母  天冬  麦冬  玄参\n(3)精血亏虚证:  当归  桑椹  黑芝麻\n生何首鸟\n核桃仁\n肉苁蓉\n锁阳\n怀牛膝\n(4)气滞肠燥证:  槟榔  枳实  木香  厚朴  郁李仁\n(5〉阳虚寒凝证:  巴豆\n硫黄\n肉苁蓉  锁阳  核桃仁', '[金匮要略 | 膀胱气化不行 | 膀胱气化不行] 佳,特求治于中\n医。今诊:  症如前述。舌质淡,苔自,脉沉缓。脉症合参,属肾阳素亏导致膀胱气化无能,开\n阖失度而不约 ,致水液下行而发本病。方用五苓散加味,处方:  桂枝158,猪苓158,白术108,\n泽泻188,芡实\n仙茅158,茯苓158,每日1剂\n水煎服。3剂后小便次数明显减少\n他症\n均减。药中病机,效不更方 ,嘱上方再进10剂\n诸症悉除。随访3年未见复发。[王文甲 .五苓\n散验案 .山酉临床医学,\n1997,\n6 (4):', '[中医诊断学 | 第三章 > 问大便 | 问大便] 86\n中医诊断学\n询问时,应着重了解二便的次数 _\n气味。性状。颜色。便量\n排便时间,\n排便时的感觉,以\n及伴随症状。\n\n(一)问大便\n健康人大便一般每日或隔日一次。色黄质软成形 ,\n排便通畅,内无脓血。黏液及未消化的食\n物。大便改娈包括便次。色。质及排便感觉方面的娈化。1。便次异常\n指大便次数的改娈\n有便秘和泄泻之分。(1)  便秘\n指排便时间延长,便次减少\n便质干燥,\n或时间虽不延长但排便困难。便秘有虚\n实之分。实证多由热邪内结或寒邪凝滞大肠所致;虚证多由阴血。津液亏虚,肠道失润或气\n虚。阳虚,肠道传导无力所致。若患者便秘 ,\n腹胀痛拒按,口渴喜饮,', '[医案示例] 用户问题（摘要）：男性，27岁。初诊：1982年。主诉及病史：西医诊断为粘连性肠梗阻。诊查：平素嗜纳牛羊肉，经常便秘腹痛。脉弦，苔薄。\n四步推理：\n- 信息提取：便秘腹痛;脉弦;苔薄\n- 病机推理：便秘腹痛:腑气不通;脉弦:腑气不通;苔薄:腑气不通\n- 证候推理：腑气不通:阳明腑实\n- 解释总结：临证体会：此例系粘连性肠梗阻所致的腹痛，因热结于内，气血瘀滞，腑气不通，故见大便秘结，腹胀且痛，属阳明腑实。', '[医案示例] 用户问题（摘要）：男性，60岁。主诉及病史：患者为一外科痔疮住院病人，手术后不大便已6日，曾多次服泻下药无效，继又灌肠2次，大便仍不通，甚以为苦。西医亦感棘手。乃商于予，用中药通便。诊查：诊视病人大腹胀硬，面红气粗，欲大便不得。舌红少津，六脉沉涩。\n四步推理：\n- 信息提取：大腹胀硬;面红气粗;舌红少津;六脉沉涩\n- 病机推理：大腹胀硬:血枯火秘证;面红气粗:血枯火秘证;舌红少津:血枯火秘证;六脉沉涩:血枯火秘证\n- 证候推理：血枯火秘证:燥结便秘\n- 解释总结：临证体会：本案为老年血枯火秘证，故泻下、灌肠便不通。', '[医案示例] 用户问题（摘要）：女性，50岁。初诊：1983年。主诉及病史：大便秘结，坚如羊矢14年。患者自述，在1968年胆囊切除术前后，注射及口服氯霉素制剂较多，以后就出现大便秘结，五六天或七八天解一次，大便坚燥。十数年来，依靠服蜂蜜、大黄水、当归芦荟丸等维持，殊不知越服大便越秘，甚为所苦。胆囊切除后仍上脘隐痛，阵发性剧痛，大发作时须肌注冬眠宁、杜冷丁方能缓解。诊查：腕、肘、膝、踝诸关节酸痛，食少，大便后饮食稍增，不易入睡，性情急躁，口苦喜热饮，五心烦热，脘痛巅眩。舌质红淡紫，苔薄黄，脉弦略数。\n四步推理：\n- 信息提取：大便秘结;上脘隐痛;阵发性剧痛;关节酸痛;食少;不易入睡;性情急躁;口苦喜热饮;五心烦热;脘痛巅眩;舌质红淡紫;苔薄黄;脉弦略数\n- 病机推理：大便秘结:出入升降之机停废;上脘隐痛:出入升降之机停废;阵发性剧痛:肝气郁滞;关节酸痛:出入升降之机停废;食少:肝气郁滞;不易入睡:出入升降之机停废;性情急躁:肝气郁滞;口苦喜热饮:出入升降之机停废;五心烦热:出入升降之机停废;脘痛巅眩:肝气郁滞;舌质红淡紫:肝气郁滞;苔薄黄:出入升降之机停废;脉弦略数:肝气郁滞\n- 证候推理：肝气郁滞:肝胆湿热郁滞;出入升降之机停废:气血失和\n- 解释总结：临证体会：本例因肝气郁滞，少阳枢机不利，出入升降之机停废而导致大便秘结，艰涩不通。']","### 四步辨证分析：

---

#### **信息提取**  
- **症状**：便秘反复、排便不爽、腹胀腹痛时作、情志不畅时加重、嗳气频作。  
- **舌脉**：舌苔薄白，脉弦。  
- **病程**：反复发作，与情志相关。  

---

#### **病机推理**  
1. **便秘、排便不爽**：大肠传导失职，与气机郁滞相关。  
2. **腹胀腹痛时作，情志不畅时加重**：肝气郁结，横逆犯脾，气机阻滞，不通则痛，且情绪波动加重气滞。  
3. **嗳气频作**：肝气上逆犯胃，胃气失和。  
4. **舌苔薄白**：无明显热象或湿浊，提示病性属气滞而非实热或痰湿。  
5. **脉弦**：肝郁气滞的典型脉象。  

---

#### **证候推理**  
- **核心证型**：**肝郁气滞，腑气不通**。  
- **次要证型**：无明显虚象或寒热偏盛，以实证气滞为主。  

---

#### **解释总结**  
**病机**：患者因情志不畅，肝气郁结，横逆克脾，导致脾胃气机阻滞，大肠传导无力，故见便秘、腹胀腹痛；气机郁滞上逆则嗳气；症状随情绪加重，符合肝气犯胃、气滞肠腑的特征。  

**治法方向**：疏肝理气，行气导滞。  

**参考治疗**（供临床参考，需结合个体调整）：  
- **方剂**：四逆散合六磨汤加减。  
  - 柴胡、枳壳疏肝解郁；  
  - 木香、乌药、厚朴、大黄行气通腑；  
  - 陈皮、半夏理气和胃止嗳。  
- **中药学依据**：气滞肠燥证可选用木香、厚朴、枳实等（【中药学 | 第二十八章 | 便秘常用药】）。  

---

### 结论依据  
1. 病机与肝气郁结相关，符合“情志不畅加重”“脉弦”等特征，参考病例220中“肝气郁滞导致便秘”的分析逻辑（【动态示范案例3】）。  
2. 治疗方向与气滞证型用药依据【中药学 | 第二十八章 | 便秘常用药】中气滞肠燥证的药物选择。",病名=便秘；证型=气机郁滞（气滞便秘）证；要点=情志郁结→气机不畅，腑气不通→便秘腹胀痛；脉弦为气郁；治法=疏肝理气，行滞通便；方=六磨汤/柴胡疏肝散加减（配枳实/厚朴/槟榔等行气导滞）。,,,,,diagnosis,5
28岁男，腹痛即泻2日，泻下急迫，便黄臭秽，肛门灼热，口渴喜冷饮，小便短赤。舌红苔黄腻，脉滑数。请辨证论治。,"['[金匮要略 | 痰饮 > ) | )] 眩吐涎\n小便不利\n临床应用 )\n本方证可兼见大便秘结 _\n小便不利。浮肿。脉沉弦有力等症。病人服药后可泻出痰涎,\n并有\n舒适感。本方对肺心病。心包炎\n胸膜炎.哮喘。肝硬化腹水。急性肾功能衰竭。幽门梗阻等属\n饮邪内结。痰热壅滞的实证,均有一定疗效。但脾虚饮停者不宜。(医案举例 )\n朱某,男,25 岁。春间患风寒咳嗽,及至全身浮肿,\n医用开鬼门法 ,\n浮肿全消,\n但咳嗽仍\n紧,腹感满胀:..迁延半年,腹大如鼓。吾夏月治其邻人某之病,\n因来复诊,按脉沉实,面目浮\n肿。口舌干燥,却不渴,腹大如瓮,有时鸣声胀满,延及膻中,小便黄短,大便燥结,数日一\n行,起居饮食尚', '[中医诊断学 | 第七章 > 大肠湿热证 | 大肠湿热证] (十一) 大肠湿热证\n大肠湿热证是指湿热壅阻肠道气机,大肠传导失常\n以腹痛。泄泻及湿热症状为主要表现的\n证。大肠湿热证又称肠道湿热证。\n(证候表现]  腹痛,腹泻,肛门灼热,\n或暴注下泻。色黄味臭;  或下痢赤白脓血,里急后重,\n口渴\n小便短赤 ,或伴恶寒发热 ,\n或但热不寒; 舌红苔黄腻,脉滑数或濡数。\n证候分析)  多因时令暑湿热毒侵袭,或饮食不洁 ,湿热秽浊积于大肠 ,\n伤及肠道气血所致。\n湿热侵袭大肠 ,\n壅阻气机,故见腹痛;  湿热内迫肠道,大肠传导失常\n故见腹泻,\n肛门灼\n热;  湿热蕴积大肠,热迫津液随湿浊下注,可见便次增多,泻如黄水; 湿', '[金匮要略 | 脓未成证治 | 脓未成证治] 疮痈肠痈浸淫病脉证并治第十八\n223\n炎。血栓性外痔等。腹痛明显者,加芍药。制乳香。制没药以和营止痛;  腹胀明显者,加厚朴\n木香。枳实。槟榔以宽肠行气,破积去滞;  腹壁紧张疼痛者\n加青皮。延胡索_\n川楝子以行气止\n痛;  伴大便下血者,加地榆。槐角。荆芥炭以凉血止血;  脓已成未溃者 ,加自花蛇舌草。败酱\n草。薏苡仁。天花粉以清热解毒,消肿排脓;  肿块久结不散者 =\n加炮穿山甲\n皂角刺。白芷。牡\n蛎以散结消肿。\n(医案举例 )\n齐某,男,28岁。1992年7月9日以粘连性肠梗阻收住院。患者半年前因患急性化脓性阑\n尾炎而行阑尾切除术,\n今腹胀腹痛4小', '[中医诊断学 | 第三章 > 问大便 | 问大便] 灼热。小便短黄者\n属湿热泄泻。脘闷纳呆,腹痛泄泻,泻下臭秽 ,泻后痛减,或大便中伴有不消化之物 ,属伤食。患者纳少腹胀,大便溏泄 ,\n脘腹隐痛喜按,面色萎黄 ,\n消瘦神疲,属脾虚。患者黎明前腹痛\n作泻,泻后则安,腰膝酸衿,形寒肢冷,称为 ""五更泄""\n属脾肾阳虚。因肾阳不足,命门火衰,\n火不生土所致。黎明前为阳气未旺。阴气极盛之时,故此时腹痛作泻。患者腹痛作泻,泻后痛减,每因情志抑郁恼怒或精神紧张时症状加重 =\n属肝郁乘脾。2。便色异常\n指大便颜色的改娈。询问便色的改娈;可帮助了解病性的寒热。此外,有些\n疾病可出现特异的便色,对诊断具有重要的意义。(1)', '[中药学 | 第十章 > 实热积滞 ,便秘腹痛 | 实热积滞 ,便秘腹痛] 1.实热积滞 ,便秘腹痛\n本品苦寒降泄\n既能泻下导滞 ,\n又能清导实热 ,\n适用于热结便秘 ,\n亦可用于习惯性便秘及老年便秘\n大多单味泡服\n小剂量可起缓泻作用,大剂量则可攻下;  若热\n结便秘 ,腹满胀痛者\n可与大黄。枳实。厚朴等配伍,\n以增强泻下导滞作用。', '[医案示例] 用户问题（摘要）：男性，67岁，主诉及病史：左上腹长期作痛，病起于下痢之后，直肠镜有溃疡可见，西医诊为溃疡性结肠炎。大便常带脓血。1985年来针灸科治疗。诊查：左上腹隐隐作痛，天枢触之愀热胀痛，深压如有热肿癥瘕，脉取弦急，尺脉紧，而趺阳反小于寸口耳细。\n四步推理：\n- 信息提取：大便常带脓血;左上腹隐隐作痛;天枢触之愀热胀痛;深压如有热肿癥瘕;脉取弦急;尺脉紧\n- 病机推理：大便常带脓血:湿热之邪留恋肠道;左上腹隐隐作痛:湿热之邪留恋肠道;天枢触之愀热胀痛:湿热之邪留恋肠道;深压如有热肿癥瘕:湿热之邪留恋肠道;脉取弦急:湿热之邪留恋肠道;尺脉紧:湿热之邪留恋肠道\n- 证候推理：湿热之邪留恋肠道:阳明腑经湿热内攘\n- 解释总结：临证体会：本例为湿热之邪留恋肠道，与气血相搏结，使肠道传导失司，脉络受伤，腐败化为脓血而痢下赤白；气机阻滞，腑气不通则腹痛。', '[医案示例] 用户问题（摘要）：男性，24岁。初诊：1982年。主诉及病史：3年前因饮食不洁及受凉引起腹痛腹泻，下痢脓血，曾多次以中西药物治疗，虽稍有好转，但每当着凉或饮食不慎即反复发作。经市中医医院乙状结肠镜检查，距肛门25cm以下结肠粘膜弥漫性无血水肿，25～23cm处粘膜不光滑，19cm、11cm处有散在出血点，10cm处有多个表浅溃疡。病理：结肠粘膜充血水肿，粘膜上皮有糜烂，炎性细胞弥漫浸润，提示慢性炎症表现，于1982年收住院。诊查：现腹痛腹泻，多则10余次，少则五六次，脓血便，左少腹坠痛，里急后重，腹胀甚，肠鸣，食欲尚可，夜寐亦安，倦怠怯冷，面色胱白，舌红苔白，左脉弦略滑，右弦缓无力。查大便常规：脓球少许，红细胞较多，大便培养(一)，其他化验均未见异常。\n四步推理：\n- 信息提取：饮食不洁;受凉;腹痛腹泻;脓血便;左少腹坠痛;里急后重;腹胀甚;肠鸣;倦怠怯冷;面色胱白;左脉弦略滑\n- 病机推理：B:寒热结滞肠间; C:复感寒邪; D:肠道传导失司; G:饮食不节; J:脾阳虚衰\n- 证候推理：A:阻滞肠道; B:寒热互结; H:脾胃虚弱\n- 解释总结：临证体会：此例系由于饮食不节复感寒邪而发，而治疗中寒温补泄诸法杂投，迄未中的。盖病痢日久，必伤脾胃，正虚邪恋，寒热夹杂，致使肠道传导失司，而便脓血长期不愈；寒热结滞肠间则腹作坠痛，里急后重；脾阳虚衰而现倦怠怯冷，面色少华。正虽虚而脉仍弦滑，可知为虚实寒热夹杂之象。', '[医案示例] 用户问题（摘要）：男性，60岁。主诉及病史：患者为一外科痔疮住院病人，手术后不大便已6日，曾多次服泻下药无效，继又灌肠2次，大便仍不通，甚以为苦。西医亦感棘手。乃商于予，用中药通便。诊查：诊视病人大腹胀硬，面红气粗，欲大便不得。舌红少津，六脉沉涩。\n四步推理：\n- 信息提取：大腹胀硬;面红气粗;舌红少津;六脉沉涩\n- 病机推理：大腹胀硬:血枯火秘证;面红气粗:血枯火秘证;舌红少津:血枯火秘证;六脉沉涩:血枯火秘证\n- 证候推理：血枯火秘证:燥结便秘\n- 解释总结：临证体会：本案为老年血枯火秘证，故泻下、灌肠便不通。']","### 四步推理：  
#### 信息提取：  
- 腹痛即泻，泻下急迫；  
- 便黄臭秽；  
- 肛门灼热；  
- 口渴喜冷饮；  
- 小便短赤；  
- 舌红苔黄腻；  
- 脉滑数。  

#### 病机推理：  
1. **腹痛即泻，泻下急迫；便黄臭秽；肛门灼热**：湿热蕴结大肠，肠道气机壅滞，迫津随湿热下注，故见急迫腹泻、便黄臭秽及肛门灼热。  
2. **口渴喜冷饮**：湿热内盛，耗伤津液，故口渴欲饮，喜冷饮以清热。  
3. **小便短赤**：湿热下注膀胱，气化不利，故尿液短赤。  
4. **舌红苔黄腻；脉滑数**：舌红苔黄腻为湿热内蕴之象，脉滑数主湿热积滞或热盛。  

#### 证候推理：  
- **核心证型**：**大肠湿热证**（【来源 | 中医诊断学 | 第七章 | 大肠湿热证】）。  

#### 解释总结：  
**病机**：湿热之邪蕴结肠道，壅滞气机，传导失司，故腹痛即泻、便黄臭秽；湿热下迫则肛门灼热；口渴、小便短赤为湿热内盛之象。  
**治法方向**：清热利湿，导滞通腑。  
**参考治则**（补充）：可选用葛根黄芩黄连汤或白头翁汤加减，如重用黄连、黄芩清热燥湿，配伍葛根升清止泻，木香、厚朴行气导滞（【来源 | 中医诊断学 | 第七章 | 大肠湿热证】）。  

---

### 关键依据标注：  
- 大肠湿热证的证候表现及分析均直接引用自【中医诊断学 | 第七章 | 大肠湿热证】。  
- 治法方向与方药思路符合该证型的常规处理原则。",病名=泄泻；证型=湿热下注（肠道湿热）证；要点=湿热蕴结肠腑→便黄臭秽、急迫；热迫津泄→口渴；肛门灼热、小便短赤、苔黄腻脉滑数为湿热；治法=清热利湿，分利止泻；方=葛根芩连汤加减（葛根/黄芩/黄连/甘草）。,,,,,diagnosis,5
60岁女，久泻日久，大便溏薄完谷不化，食少乏力，面色萎黄，腹胀喜按。舌淡胖苔白，脉缓弱。请辨证论治。,"['[中药学 | 第二十八章 > 泄泻常用药 | 泄泻常用药] 16.泄泻常用药\n(1)湿滞肠胃证:  葛根  黄芩  黄连  车前子  滑石  广藿香\n白扁豆\n薏苡仁\n穿心\n莲  地锦草\n(2)食滞肠胃证:  山楂  六神曲  莱菔子  枳实  木香  青皮  槟榔  鸡内金\n(3)脾胃虚弱证:  茯苓  白术  白扁豆  山药  莲子  芡实  薏苡仁  砂仁\n(4)脾肾阳虚证:  补骨脂\n五味子\n肉豆蔻\n吴茱萸  菟丝子\n益智仁  附子  肉桂  胡芦\n巴\n千姜\n高良姜', '[方剂学 | 第八章 > 资生丸 (《证治准绳.类方》卷五引缪仲淳方 ) | 资生丸 (《证治准绳.类方》卷五引缪仲淳方 )] 瘦,大便溏\n泄者。(方论选录)脾胃两虚,不能健运胜湿,而输纳无权,故食少体倦,\n吐泻不止焉。人参扶元\n补胃 ,自术燥湿健脾,\n山药补脾益阴,\n莲肉清心醒脾_\n扁豆健脾和胃气。米仁健脾渗湿热,炙草\n缓中,桔梗清肺 ,茯苓渗湿以和脾胃也。为散米饮煎服,使湿化气调,则脾胃壮盛而体强食进,\n何吐泻之不止哉?此健脾强胃之剂,为士虚不能胜湿吐泻之专方。(徐大椿《医略六书》卷十八 )\n(医案举例 )一妇经行 ,必泻三日然后行。诊其脉皆濡弱,曰:  此脾虚也。脾属血,属湿,\n经水将动,\n脾血已先流注血海,然后下流为经。脾血既亏\n则虚而不能运行其湿。令作参苓自术\n散,每服', '[方剂学 | 第九章 | 第九章] 化。或久泻不愈,\n腹痛喜温。腰\n酸肢衿 =\n神疲乏力,舌淡。苔薄自,脉沉迟无力\n证治机理 /五更泻,\n又称肾泄。鸡鸣泄。多由命门火衰,火不暖士,脾失健运,肠失固涩\n所致。《素问\n金匮真言论》云: ""鸡鸣至平旦,\n天之阴,阴中之阴也,故人亦应之。五更即为\n平旦,正是阴气极盛\n阴气萌发之际,而命门火衰。阳气当至而不至,阴气极而下行,故于五更\n之时出现泄泻。正如《医方集解》所言: ""久泻皆由肾命火衰,\n不能专责脾胃。肾阳虚衰,不能\n温暖脾阳,脾失健运,故不思饮食 疲倦乏力;脾肾虚寒,故腹痛腰酸;舌淡苔薄自,脉沉迟无\n力,皆属脾肾阳虚之候。洽宜温肾暖脾,固肠止泻', '[中药学 | 第二十五章 > 久泻。久痢  本品入大肠经, | 久泻。久痢  本品入大肠经,] 2.久泻。久痢  本品入大肠经,\n能涩肠止泻。治脾虚久泻。久痢,可单用浓煎服 ,\n或与人\n参。白术。芡实等同用,如秘元煎 (《景岳全书》)。\n(用法用量 /\n煎服。6~  128。\n使用注意 )\n本品功专收涩,故邪气实者不宜使用。\n现代研究 )', '[中药学 | 第十五章 > 湿阻气滞,脘腹胀闷。大便不爽 | 湿阻气滞,脘腹胀闷。大便不爽] 1.湿阻气滞,脘腹胀闷。大便不爽\n本品辛散,\n入脾。胃。大肠经。能行气导滞\n宽中利\n气。治湿阻气滞之脘腹胀满,可与广藿香。陈皮。厚朴等同用;  治食积气滞之脘腹痞胀,大便秘\n结或泻而不爽,可与山楂。麦芽。枳实等同用。', '[医案示例] 用户问题（摘要）：女性，31岁。初诊:1979年。主诉及病史:去年痢后未复，经常腹痛，大便日二三次，带有粘液，有下坠感。诊查:脉象弦缓，舌质淡，苔薄白。\n四步推理：\n- 信息提取：痢后未复;经常腹痛;大便日二三次;带有粘液,有下坠感;脉象弦缓;舌质淡\n- 病机推理：舌质淡:中气渐虚;脉象弦缓:中气渐虚;带有粘液,有下坠感:湿滞未净;大便日二三次:湿滞未净;经常腹痛:中气渐虚;痢后未复:中气渐虚\n- 证候推理：湿滞未净:湿滞停留肠胃;中气渐虚:湿滞停留肠胃\n- 解释总结：临证体会：本例为痢后湿滞未净，中气渐虚，故有腹痛、大便次数较多、带有粘液且有下坠感。', '[医案示例] 用户问题（摘要）：女性，35岁。主诉及病史：腹满膨胀，叩之如鼓，腹筋起，脐突，腹围94cm，小便量少，大便干燥，面色萎黄，精神不振，不思纳食，每餐只能进1～2两米饭，食后感饱胀。血液生化检查：白蛋白2.2g%，球蛋白4.2g%，白球蛋白比例倒置。食管钡餐检查提示食管静脉曲张。以往中西医使用峻剂利尿逐水，腹水未退。诊查：苔白腻，舌质淡胖，脉来沉细稍弦。\n四步推理：\n- 信息提取：面色萎黄;精神不振;不思纳食;苔白腻;舌质淡胖;脉来沉细稍弦\n- 病机推理：面色萎黄:气血不足;精神不振:气血不足;不思纳食:气血不足;苔白腻:气血不足;舌质淡胖:气血不足;脉来沉细稍弦:气血不足\n- 证候推理：气血不足:气血两亏\n- 解释总结：临证体会：本例血吸虫病性肝硬化腹水，属中医学臌胀范围。以往曾使用中西峻剂利尿逐水法3个月余，邪未攻逐，水势更盛，此乃至虚有盛候，反泻含冤。肝、脾、肾皆亏，气血不足是本，腹水邪实为标。', '[医案示例] 用户问题（摘要）：48岁。初诊：1974年。主诉及病史：1954年患痢疾，时缓时剧，绵延20年，经武汉、北京等地医院治疗未效。后剖腹探查，诊断为“结肠溃疡”。1974年就诊于余。诊查：患者形体消瘦，精神疲乏，食欲不振，面色少华，常畏寒；大便时下脓血，便色乌黑，下血前常有多汗、小腹急痛，但无后重感，大便无血时则稀溏而色如果酱，或带白色粘液。近来发生上腹部满胀，每于饥饿时刺痛，得食则减，遇寒则剧，口泛酸水。月经时断时潮；潮前小腹刺痛，经色乌黑。脉沉迟细弱。\n四步推理：\n- 信息提取：痢疾;形体消瘦;精神疲乏;食欲不振;面色少华;常畏寒;大便时下脓血;便色乌黑;多汗;小腹急痛;上腹部满胀;遇寒则剧;小腹刺痛;经色乌黑;脉沉迟细弱\n- 病机推理：B:肠滑不固; D:脾肾虚寒; G:络伤血瘀\n- 证候推理：A:脾胃虚寒; I:肠滑不固\n- 解释总结：临证体会：患者脾肾虚寒，肠滑不固，故久久下痢以至20年不愈，虽病痢而无后重感。气虚阳弱，则精神疲乏、食欲不振、面色少华、畏寒、痢前多汗或大便带白色粘液以及腹部饥饿则痛、遇寒则剧、口泛酸水，脉沉迟细弱。络伤血瘀，则大便色黑或如果酱、上腹部刺痛。月经前小腹刺痛、经色乌黑，亦为血瘀之征。病久则精血亏损，故形容消瘦。']","### 四步推理：

#### 1. 信息提取  
久泻日久；大便溏薄完谷不化；食少乏力；面色萎黄；腹胀喜按；舌淡胖苔白；脉缓弱。

---

#### 2. 病机推理  
- **大便溏薄完谷不化**：脾虚运化无力，清浊不分（【中药学 | 第二十八章 | 泄泻常用药】）。  
- **食少乏力**：脾气虚弱，纳运失职（【中药学 | 第二十八章 | 泄泻常用药】）。  
- **面色萎黄**：脾虚气血生化不足，不能上荣于面（【方剂学 | 第八章 | 资生丸】）。  
- **腹胀喜按**：脾虚气虚致腹胀，虚性胀满故喜按（【中药学 | 第十五章 | 湿阻气滞,脘腹胀闷。大便不爽】）。  
- **舌淡胖苔白、脉缓弱**：均为脾气虚弱、中气下陷之象（【中药学 | 第二十八章 | 泄泻常用药】）。

---

#### 3. 证候推理  
核心证型：**脾胃虚弱证**（主证）；兼有脾虚气虚之腹胀（次证）。

---

#### 4. 解释总结  
**临证体会**：患者久泻日久，脾气亏虚，运化失职，故见大便溏薄完谷不化、食少乏力；气血生化乏源，致面色萎黄；脾虚气虚中焦虚弱，故腹胀喜按；舌淡胖苔白、脉缓弱均为脾气虚弱之征。  
**治法方向**：健脾益气，固肠止泻。可参考**资生丸**（【方剂学 | 第八章 | 资生丸】）加减，药用白术、茯苓、山药、莲子、白扁豆等；若兼脾虚气滞腹胀，可配伍陈皮、砂仁（【中药学 | 第十五章 | 湿阻气滞,脘腹胀闷。大便不爽】）。  

---

### 关键依据标注  
- 脾胃虚弱证辨证：【中药学 | 第二十八章 | 泄泻常用药】  
- 方剂参考：【方剂学 | 第八章 | 资生丸】  
- 脾虚气滞腹胀分析：【中药学 | 第十五章 | 湿阻气滞,脘腹胀闷。大便不爽】",病名=泄泻；证型=脾虚泄泻证；要点=脾气虚弱→运化失司，便溏完谷不化；中气不足→乏力食少、面色萎黄；腹胀喜按、舌淡胖脉弱为虚；治法=健脾益气，渗湿止泻；方=参苓白术散加减（党参/白术/茯苓/山药/扁豆等）。,,,,,diagnosis,5
9岁男，受凉后咳嗽2天，声重，痰白清稀，鼻塞流清涕，恶寒无汗。舌苔薄白，脉浮紧。请辨证论治。,"['[金匮要略 | 证治 > ) | )] 虑。本条证候为外寒内饮,兼有化热,故用\n麻黄。桂枝散寒 ,干姜。细辛。半夏化饮,\n石膏清热除烦。临床应用 )\n本方常用于支气管哮喘慢性支气管炎。肺气肿等属寒饮素盛,\n因气候娈化而诱发者C\n(医案举例 )\n李某,女,38岁。患喘息性支气管炎已10余年,近2年发作频繁,\n曾服中药以及有关成\n药,无显效。现面唇略呈青紫,\n喘息甚剧,胸中烦闷不适,\n舌苔白滑,舌质红,脉浮滑有力。窃思患者为素有痰饮之人,常为外邪引发,其治是在消炎止咳平喘\n而忽视宜肺解表。今观此\n候,显属内饮兼外感,饮邪夹热之证。遂拟小青龙加石膏汤1剂,嘱服后以观进退。处方:  桂枝\n麻黄 I0g', '[金匮要略 | 证治 | 证治] ,均为阴虚肺热的表现。(临床应用 )\n临床上慢性咽炎。慢性支气管炎 百日咳。肺结核。矽肺等表现为肺阴亏虚,\n虚火上炎者 ,均\n可用本方治疗。本方也可以养胃阴,\n对慢性胃炎。胃及十二指肠溃疡有良好效果。还有报道用此\n方洽疗鼻咽癌。肺癌。喉癌。食管癌放疗后出现的口干。咽干。舌红少津等毒副反应,效果良好。(医案举例 )\n李某;女,36岁,己婚,1982年4月8月初诊。患者水肿时起时消2年余,历医十数。用\n开鬼门。洁挣府。去菀陈垄等法,服五苓散\n五皮饮\n真武汤\n疏凿饮子等利水方药,效果不\n著。经某医院检查化验,诊为 ""慢性肾炎"" ,予可地松。环磷酰胺。利尿合剂等', '[金匮要略 | 悬饮 | 悬饮] 痰饮咳嗽病脉证并治第十二\n133\n(医案举例 )\n张某,女,21岁,咳喘胸痛已十余日 ,\n午后发热 ,\n咯痰黏稠。\n入院后体温389C ~399,胸\n部透视为 ""渗出性胸膜炎""\n行胸腔穿刺两次,胸水未见减轻,转中医治疗<\n病者咳嗽气喘。胸\n中引痛,脉滑实。此水积胸胁之间,病名悬饮。宜峻下其水 ,投以十枣汤。服1剂,泻水约两\n痰盂,咳喘遂减,体温亦下降,饮食增加。隔3  日再投1剂,复下水甚多 ,\n症状消失。痊愈出\n院。(福建省中医研究所 .福建中医医案医话选编 .第二辑 .福州:  福建人民出版社,', '[中医诊断学 | 第七章 > 痰热壅肺证 | 痰热壅肺证] (七) 痰热壅肺证\n痰热壅肺证是指痰热交结 ,\n雍滞于肺,肺失清肃,\n以咳喘。痰黄稠及痰热症状为主要表现\n的证。\n证候表现/ 咳嗽。气喘息粗,胸闷,\n或喉中痰鸣 ,\n咳痰黄稠量多,\n或咳吐脓血腥臭痰,胸\n痛,发热,口渴,\n小便短赤 ,\n大便秘结,舌红苔黄腻,脉滑数。\n(证候分析/ 多因外邪犯肺 ,郁而化热,热伤肺津,炼液成痰;  或素有宿痰,内蕴日久化热,\n痰与热结,壅阻于肺所致。\n痰热壅肺\n肺失清肃\n气逆于上,故见咳嗽,\n气喘息粗;  肺热蕴郁,胸中气机不利,故见胸\n闷 ,胸痛;  痰热交结,随气而逆,\n故见痰黄稠量多,或喉中痰鸣;  若痰热壅滞肺络,', '[中药学 | 第二十章 > 痰热咳喘。咯痰黄稠 | 痰热咳喘。咯痰黄稠] 1.痰热咳喘。咯痰黄稠\n本品辛散苦降 ,\n性寒清热,宜于痰热壅肺\n肺失宣降之咳喘胸满,\n咯痰黄稠量多,常配伍苦杏仁 桑白皮。浙贝母等;  因本品寒性不著 ,若配伍白前\n半夏等温化\n寒痰药,亦可用于寒痰。湿痰证。', '[医案示例] 用户问题（摘要）：女性，1岁零9个月。初诊：1976年，主诉(患儿父亲代诉)及病史：咳嗽半个月。每咳十多声，涕泪交流，直到呕吐痰涎或吐出食物才暂可止咳片刻，日夜不休，夜咳为甚。曾经某儿童医院治疗，多日服药无效。转请中医治疗。诊查：患儿咳延半月，面色浮亮晦暗，苔白腻，脉来滑数，指纹青而粗。均主水饮内停，已成顿咳之候。\n四步推理：\n- 信息提取：涕泪交流;呕吐痰涎;面色浮亮晦暗;苔白腻;脉来滑数\n- 病机推理：涕泪交流:水饮内停;呕吐痰涎:生湿成痰;面色浮亮晦暗:水饮内停;苔白腻:生湿成痰;脉来滑数:生湿成痰\n- 证候推理：生湿成痰:痰浊饮邪阻遏气道;水饮内停:肺脾同病\n- 解释总结：临证体会：患儿咳嗽半个月，迁延难愈。因小儿脾胃易为乳食所伤，失于健运，生湿成痰，痰浊饮邪阻遏气道，肺脾同病。治以健脾燥湿、化痰止咳。', '[医案示例] 用户问题（摘要）：男性，3岁。初诊：1978年。主诉及病史：发热6天不退，咳嗽气粗，病情日益加重，于1978年入院。诊查：患儿上午嗜睡，午后烦躁，咳嗽气喘，痰声辘辘。舌质绛薄黄苔，脉数纹紫。查体：呼吸52次/分钟，体温39.9℃，心率140次/分钟，白细胞8000/mm3，中性60%，胸透两肺均有斑片状阴影。\n四步推理：\n- 信息提取：发热;咳嗽气粗;嗜睡;烦躁;痰声辘辘;舌质绛薄黄苔;脉数纹紫\n- 病机推理：B:肃降失调; F:风温入气营\n- 证候推理：B:肺气郁闭\n- 解释总结：临证体会：本案属于风温入气营，肺气郁闭，肃降失调。', '[医案示例] 用户问题（摘要）：男孩，2岁零3个月。初诊：1974年。主诉(患儿父亲代诉)及病史：已咳嗽20多日，加重半个月。近则每次连续咳10～20声不等，末后发出吸气性鸡鸣声，咳时面红流泪，俯首弯腰，满身大汗。经某西医院诊断为百日咳，治疗多次，每夜给适量镇静剂也无法镇咳，故转求中医诊治。诊查：咳嗽兼旬，咳久伤络，火郁于肺，咳声连续不歇，面红流泪，舌干燥无津，脉来细数。\n四步推理：\n- 信息提取：面红流泪;满身大汗;咳嗽;咳声连续不歇;舌干燥无津;脉来细数\n- 病机推理：面红流泪:郁火伤津之象;满身大汗:郁火伤津之象;咳嗽:痰浊瘀血阻滞上焦;咳声连续不歇:痰浊瘀血阻滞上焦;舌干燥无津:郁火伤津之象;脉来细数:郁火伤津之象\n- 证候推理：痰浊瘀血阻滞上焦:火郁于肺;郁火伤津之象:火郁于肺\n- 解释总结：临证体会：其病机为痰浊瘀血阻滞上焦，郁遏气道，肺气不能通达，以致咳嗽阵作。舌干燥无津，乃郁火伤津之象。']","---

### 四步推理：

#### **信息提取**  
咳嗽、痰白清稀、鼻塞流清涕、恶寒无汗、舌苔薄白、脉浮紧。  

---

#### **病机推理**  
- **恶寒无汗、脉浮紧**：外感风寒，卫阳被郁，腠理闭塞。  
- **鼻塞流清涕**：肺气失宣，寒邪犯肺，清窍不通。  
- **痰白清稀、舌苔薄白**：寒性收引，津液凝滞为痰饮，属寒痰内停。  
- **整体病机**：外感风寒，肺气郁闭，寒饮内停，气失宣降。  

---

#### **证候推理**  
- **核心证型**：**风寒束肺证**（主证）。  
- **次要证型**：寒痰内停（兼夹证）。  

---

#### **解释总结**  
**临证体会**：患儿因受凉后发病，病程短，症状以恶寒无汗、痰白清稀、脉浮紧为特点，属外感风寒，肺气失宣，寒饮内停。治法应以**辛温解表、宣肺化饮**为主。  

**依据说明**：  
- 资料未直接覆盖“风寒束肺证”的完整描述，但根据《中医诊断学》中“痰热壅肺证”的反向推论（痰白清稀、无热象），结合《金匮要略》中“外寒内饮”的病机思路（如小青龙汤证），可推断寒邪外束、肺气不宣的证型。  

---

**若需治则补充**：  
- **方药方向**：可参考麻黄汤（解表散寒）或小青龙汤（温肺化饮），但需结合寒痰特点调整（如加细辛、干姜温化寒饮）。  
- **注意**：具体用药需结合临床辨证，本回答仅为理论分析，非诊疗建议。  

【来源 | 章节 | 标题】  
- 病机分析部分参考《金匮要略》外寒内饮的病机思路（虽未直接对应，但逻辑一致）。  
- 痰白清稀的寒痰属性参考《中医诊断学》痰热壅肺证的反向推论。",病名=咳嗽；证型=风寒束肺证；要点=风寒犯肺→肺气失宣，咳声重；寒痰内盛→痰白清稀；恶寒无汗、鼻塞流清涕、脉浮紧为风寒；治法=疏风散寒，宣肺止咳；方=三拗汤合止嗽散加减（麻黄/杏仁/甘草，佐紫菀/百部等）。,,,,,diagnosis,5
16岁女，咳嗽3天，痰黄黏稠不易咯出，咽痛，发热微恶风，口渴。舌尖红苔薄黄，脉浮数。请辨证论治。,"['[中药学 | 第九章 > 咽喉肿痛,咳嗽痰稠,烦热口渴 | 咽喉肿痛,咳嗽痰稠,烦热口渴] 1.咽喉肿痛,咳嗽痰稠,烦热口渴\n本品味甘酸以化阴\n性平偏凉以清热,\n功能清热解毒\n生津利咽,略兼化痰之功。用治风热上袭或热毒蕴结而致咽喉肿痛,常与硼砂。冰片。青黛等同\n用;  若用治咽干口燥,烦渴音哑,咳嗽痰黏,可单用鲜品熬膏服用,亦可与金银花。桔梗。芦根\n等同用。', '[中药学 | 第二十章 > 痰热咳喘。咯痰黄稠 | 痰热咳喘。咯痰黄稠] 1.痰热咳喘。咯痰黄稠\n本品辛散苦降 ,\n性寒清热,宜于痰热壅肺\n肺失宣降之咳喘胸满,\n咯痰黄稠量多,常配伍苦杏仁 桑白皮。浙贝母等;  因本品寒性不著 ,若配伍白前\n半夏等温化\n寒痰药,亦可用于寒痰。湿痰证。', '[中医诊断学 | 第七章 > 痰热壅肺证 | 痰热壅肺证] (七) 痰热壅肺证\n痰热壅肺证是指痰热交结 ,\n雍滞于肺,肺失清肃,\n以咳喘。痰黄稠及痰热症状为主要表现\n的证。\n证候表现/ 咳嗽。气喘息粗,胸闷,\n或喉中痰鸣 ,\n咳痰黄稠量多,\n或咳吐脓血腥臭痰,胸\n痛,发热,口渴,\n小便短赤 ,\n大便秘结,舌红苔黄腻,脉滑数。\n(证候分析/ 多因外邪犯肺 ,郁而化热,热伤肺津,炼液成痰;  或素有宿痰,内蕴日久化热,\n痰与热结,壅阻于肺所致。\n痰热壅肺\n肺失清肃\n气逆于上,故见咳嗽,\n气喘息粗;  肺热蕴郁,胸中气机不利,故见胸\n闷 ,胸痛;  痰热交结,随气而逆,\n故见痰黄稠量多,或喉中痰鸣;  若痰热壅滞肺络,', '[中药学 | 第二十章 > 肺热陔嗽。痰浊黄稠 | 肺热陔嗽。痰浊黄稠] 1.肺热陔嗽。痰浊黄稠\n本品甘寒清润,\n善于清肺热。润肺燥而化热痰。燥痰。用治痰热\n阻肺 ,\n咳嗽痰黄,质稠难咯,胸膈痞满者,可配黄芩。胆南星。枳实等,如清气化痰丸 (《医方\n考》)。若治燥热伤肺,干咳无痰或痰少质黏,咯吐不利者,则配川贝母。天花粉。桑叶等。', '[中药学 | 第二十八章 > 5~ 38。 | 5~ 38。] 2.痰热咳嗽\n本品味咸性凉,入肺经,能清肺化痰。治疗痰热咳嗽,咽喉肿痛者,可与黄\n芩 玄参。瓜蒌等同用。\n(用法用量 )\n外用适量,\n研极细末干撒或调敷患处;  或化水含漱。内服多入丸。散,\n\n1.5~ 38。\n\n440\n中药学\n使用注意 )\n本品以外用为主,内服宜慎。\n现代研究 )', '[医案示例] 用户问题（摘要）：女性，1岁零9个月。初诊：1976年，主诉(患儿父亲代诉)及病史：咳嗽半个月。每咳十多声，涕泪交流，直到呕吐痰涎或吐出食物才暂可止咳片刻，日夜不休，夜咳为甚。曾经某儿童医院治疗，多日服药无效。转请中医治疗。诊查：患儿咳延半月，面色浮亮晦暗，苔白腻，脉来滑数，指纹青而粗。均主水饮内停，已成顿咳之候。\n四步推理：\n- 信息提取：涕泪交流;呕吐痰涎;面色浮亮晦暗;苔白腻;脉来滑数\n- 病机推理：涕泪交流:水饮内停;呕吐痰涎:生湿成痰;面色浮亮晦暗:水饮内停;苔白腻:生湿成痰;脉来滑数:生湿成痰\n- 证候推理：生湿成痰:痰浊饮邪阻遏气道;水饮内停:肺脾同病\n- 解释总结：临证体会：患儿咳嗽半个月，迁延难愈。因小儿脾胃易为乳食所伤，失于健运，生湿成痰，痰浊饮邪阻遏气道，肺脾同病。治以健脾燥湿、化痰止咳。', '[医案示例] 用户问题（摘要）：女性，50岁。初诊：1978年。主诉及病史：干咳，入夜尤甚，咳时无痰，胸中闷胀。诊查：唇舌及咽喉灼干，声音略带嘶哑，心烦，食欲减退，无苔，脉数无力。\n四步推理：\n- 信息提取：咳时无痰;唇舌及咽喉灼干;声音略带嘶哑;无苔;脉数无力\n- 病机推理：D:虚热内灼\n- 证候推理：I:燥热伤津\n- 解释总结：临证体会：本例燥咳为肺胃阴亏之证。虚热内灼，肺失濡润则干咳少痰；久伤胃阴，不滋清窍，故见咽干、音哑。', '[医案示例] 用户问题（摘要）：男性，23岁：诊查：温邪外侵，由肺及胃，壮热8日，有汗不解，口渴引饮。唇红便秘，咳嗽痰多。脉象滑数，舌红苔黄。\n四步推理：\n- 信息提取：壮热;有汗不解;口渴引饮;唇红便秘;咳嗽痰多;脉象滑数;舌红苔黄\n- 病机推理：G:邪热尚在肺胃之分\n- 证候推理：B:痰热互阻上焦\n- 解释总结：临证体会：本例风温热聚太阴、阳明，证现烦躁口渴引饮，痰多咳逆，虽大便秘结，但无唇焦齿燥、矢气、谵语等阳明腑实证候，其邪热尚在肺胃之分。']","- 信息提取：咳嗽3天；痰黄黏稠不易咯出；咽痛；发热微恶风；口渴；舌尖红苔薄黄；脉浮数  
- 病机推理：  
  - 痰黄黏稠：肺热炼液成痰（【中医诊断学 | 第七章 | 痰热壅肺证】）  
  - 发热微恶风：风热外袭，肺卫失宣（【中医诊断学 | 第七章 | 痰热壅肺证】证候分析）  
  - 咽痛、口渴：热邪伤津，咽喉失润（【中药学 | 第九章 | 咽喉肿痛,咳嗽痰稠,烦热口渴】）  
  - 舌尖红苔薄黄、脉浮数：表热证，肺热内盛（【中医诊断学 | 第七章 | 痰热壅肺证】脉象特征）  
- 证候推理：**痰热壅肺证**（主证）  
- 解释总结：  
  临证体会：患者外感风热，肺失清肃，热郁肺中，炼液成痰，痰热互结。症见痰黄黏稠、咽痛、口渴、舌尖红苔薄黄，符合痰热壅肺证核心表现（【中医诊断学 | 第七章 | 痰热壅肺证】）。脉浮数提示表热未解，但以里热痰浊为主。  
  **治法方向**：清热化痰，宣肺止咳。可予麻杏石甘汤合清金化痰汤加减（如黄芩、浙贝母、瓜蒌清肺热化痰；桔梗利咽；薄荷、牛蒡子疏风热）。  

（注：脉浮数与痰热壅肺证典型脉滑数略有差异，但结合病程短、表邪未尽，属痰热初起阶段，故以痰热壅肺证为核心辨证。）",病名=咳嗽；证型=风热犯肺证；要点=风热犯肺→咳嗽、咽痛、发热；热灼津液→痰黄黏、口渴；舌尖红苔薄黄、脉浮数为风热；治法=疏风清热，宣肺化痰；方=桑菊饮加减（桑叶/菊花/杏仁/连翘/薄荷等）。,,,,,diagnosis,5
35岁男，喘咳反复，近日加重，气喘痰鸣，痰黄稠，胸闷，烦躁口渴，小便黄。舌红苔黄腻，脉滑数。请辨证论治。,"['[金匮要略 | 证治 > ) | )] 虑。本条证候为外寒内饮,兼有化热,故用\n麻黄。桂枝散寒 ,干姜。细辛。半夏化饮,\n石膏清热除烦。临床应用 )\n本方常用于支气管哮喘慢性支气管炎。肺气肿等属寒饮素盛,\n因气候娈化而诱发者C\n(医案举例 )\n李某,女,38岁。患喘息性支气管炎已10余年,近2年发作频繁,\n曾服中药以及有关成\n药,无显效。现面唇略呈青紫,\n喘息甚剧,胸中烦闷不适,\n舌苔白滑,舌质红,脉浮滑有力。窃思患者为素有痰饮之人,常为外邪引发,其治是在消炎止咳平喘\n而忽视宜肺解表。今观此\n候,显属内饮兼外感,饮邪夹热之证。遂拟小青龙加石膏汤1剂,嘱服后以观进退。处方:  桂枝\n麻黄 I0g', '[中药学 | 第二十二章 > 肺热喘咳 | 肺热喘咳] 3.肺热喘咳\n本品性寒降泄,长于清肺平喘。用治邪热壅肺,\n肺失肃降之喘息不止,\n喉中哮\n鸣有声者,可单味研末内服,或配伍麻黄。苦杏仁。黄芩等加强清肺化痰。止咳平喘之功;  亦可\n用鲜品水煎去渣后 ,加冰糖熬膏冲服。', '[金匮要略 | 证治 | 证治] 用麻黄。细辛\n半夏。五味子,都有温肺散寒\n止咳平喘之功 _\n同治寒饮咳喘。\n但叉有区别。射干麻黄汤有射干\n紫菀。款冬花,化痰之功较强;  小青龙汤有桂枝。芍药。甘草。千姜,能解表散寒,兼调营卫。\n辨治思维与要领 )\n本条证型属寒饮郁肺 ,\n除咳而上气。喉中有水鸡声外 ,临床表现还应有胸膈满闷,不能平\n\n82\n金匮要略\n卧。舌苔卣滑\n脉浮弦或浮紧等症。\n(临床应用 )\n本方对哮喘。喘息性支气管炎。支气管肺炎。肺气肿 _\n肺心病。风心病\n百日咳等,以咳\n喘。喉中痰鸣\n咳痰色自为特征者 ,\n不论老幼\n均有较好疗效。多项研究证实,由于新冠肺炎肺\n泡损伤伴细胞纤维', '[中药学 | 第二十四章 > 脾肺气虚。倦怠气喘 | 脾肺气虚。倦怠气喘] 2.脾肺气虚。倦怠气喘\n本品味甘,入肺。脾经,能益气健脾\n平喘止咳。治疗脾气虚弱\n倦怠乏力\n可配伍白术。山药等药。治疗肺虚喘咳,可与人参。黄芪。五味子等同用;  若肺阴不\n足,咳嗽痰黏,或有咳血者\n可配伍南沙参。麦冬。百合等。\n(用法用量 )\n煎服,3~ Gg。\n(现代研究 )', '[中医诊断学 | 第七章 > 痰热壅肺证 | 痰热壅肺证] (七) 痰热壅肺证\n痰热壅肺证是指痰热交结 ,\n雍滞于肺,肺失清肃,\n以咳喘。痰黄稠及痰热症状为主要表现\n的证。\n证候表现/ 咳嗽。气喘息粗,胸闷,\n或喉中痰鸣 ,\n咳痰黄稠量多,\n或咳吐脓血腥臭痰,胸\n痛,发热,口渴,\n小便短赤 ,\n大便秘结,舌红苔黄腻,脉滑数。\n(证候分析/ 多因外邪犯肺 ,郁而化热,热伤肺津,炼液成痰;  或素有宿痰,内蕴日久化热,\n痰与热结,壅阻于肺所致。\n痰热壅肺\n肺失清肃\n气逆于上,故见咳嗽,\n气喘息粗;  肺热蕴郁,胸中气机不利,故见胸\n闷 ,胸痛;  痰热交结,随气而逆,\n故见痰黄稠量多,或喉中痰鸣;  若痰热壅滞肺络,', '[医案示例] 用户问题（摘要）：女性，68岁。主诉及病史：咳喘反复16年，每年秋冬寒冷季节咳喘加重。1周来咳嗽气喘，痰黄稠，不能平卧，咽干口渴，气短难续，溲黄短量少，大便干结，胃纳甚少。胸透见两肺纹理增粗，化验白细胞增高，曾使用抗生素治疗，症无明显改善。诊查：诊见面色萎黄，唇干而暗，舌质深红，苔黄干，脉细数。\n四步推理：\n- 信息提取：咳喘;痰黄稠;咽干口渴;气短难续;溲黄短量少;大便干结;唇干而暗;舌质深红;苔黄干;脉细数\n- 病机推理：咳喘:肺阴虚;痰黄稠:肺阴虚;咽干口渴:肺阴虚;气短难续:肺阴虚;溲黄短量少:肺阴虚;大便干结:肺阴虚;唇干而暗:肺阴虚;舌质深红:肺阴虚;苔黄干:肺阴虚;脉细数:肺阴虚\n- 证候推理：肺阴虚:气阴亏损\n- 解释总结：临证体会：本例患者病程较长，正气已虚，复感时邪，症状加重，临床表现以肺阴虚为主。', '[医案示例] 用户问题（摘要）：男性，63岁。初诊：1977年。主诉及病史：患咳喘近20年，从1960年起逐年加重，寒冷时节发作较频。诊查：近10余日来气喘胸闷，气急气短，动则尤甚，不能平卧，伴咳嗽，痰多有大量泡沫。舌淡红偏晦，苔白，脉细弦缓。\n四步推理：\n- 信息提取：气喘胸闷;咳嗽;痰多;咳喘\n- 病机推理：咳喘:肾虚;气喘胸闷:肾虚;咳嗽:肾虚;痰多:肾阳虚\n- 证候推理：肾虚:肾虚喘证;肾阳虚:肾虚喘证\n- 解释总结：临证体会：患者年逾花甲，肾气早衰。肾虚不能纳气，气上逆则为咳喘；肾阳虚，故病好发于冬寒；肾为生痰之根，肾阳虚，则气不化津而水泛为痰。', '[医案示例] 用户问题（摘要）：男性，38岁。初诊:1976年。主诉及病史:夙患有过敏性支气管哮喘，近因从甘肃来宁，旅途旧病举发，喘息痰鸣，常有狂嚏。诊查:两肺闻及较多哮鸣音，苔薄白，脉弦滑。\n四步推理：\n- 信息提取：过敏性支气管哮喘;喘息痰鸣;狂嚏;脉弦滑\n- 病机推理：过敏性支气管哮喘:肺气素虚;喘息痰鸣:寒痰伏肺;狂嚏:寒痰伏肺;脉弦滑:寒痰伏肺\n- 证候推理：肺气素虚:肺虚痰伏;寒痰伏肺:肺虚痰伏\n- 解释总结：临证体会：病员长期在西北地区工作，夙患哮喘，可见肺气素虚、寒痰伏肺。此次旅途中感邪失表，邪伏肺腧，引动寒痰，以致诱作哮喘。']","### 四步辨证分析  
#### 1. **信息提取**  
症状：喘咳反复；气喘痰鸣；痰黄稠；胸闷；烦躁口渴；小便黄。  
舌脉：舌红苔黄腻；脉滑数。  

---

#### 2. **病机推理**  
- **气喘痰鸣、痰黄稠、胸闷**：肺主气，司呼吸，痰热壅滞肺络，肺失清肃，气逆痰阻，故见喘咳痰鸣、痰黄稠、胸闷。  
- **烦躁口渴、小便黄**：热邪内蕴，津液受损，故烦躁口渴；湿热下注则小便黄。  
- **舌红苔黄腻、脉滑数**：舌红苔黄腻为痰热内盛之象，脉滑数主痰热互结、气机壅滞。  

---

#### 3. **证候推理**  
核心证型：**痰热壅肺证**（【来源 | 中医诊断学 | 第七章 | 痰热壅肺证】）。  

---

#### 4. **解释总结**  
**病机**：痰热壅肺，肺失清肃，气机逆乱，故见喘咳痰鸣、痰黄稠；热盛伤津，故烦躁口渴、小便黄；舌脉均为痰热内盛之征。  
**治法方向**：清肺化痰，泻肺泄热。可参考《中药学》第二十二章“肺热喘咳”治法，选用麻黄（宣肺平喘）、苦杏仁（降气止咳）、黄芩（清肺热）、石膏（清热除烦）等配伍，或合用千金苇茎汤加减。  

---

### 依据说明  
- **痰热壅肺证的证候表现与分析**直接对应《中医诊断学》第七章“痰热壅肺证”章节，症状与舌脉特征完全吻合（【来源 | 中医诊断学 | 第七章 | 痰热壅肺证】）。  
- **治法方向**参考《中药学》第二十二章“肺热喘咳”的清肺化痰思路（【来源 | 中药学 | 第二十二章 | 肺热喘咳】）。  

（注：具体用药需结合临床辨证，本回答不替代线下诊疗。）",病名=哮喘；证型=痰热壅肺证；要点=痰热壅肺→喘咳痰鸣、胸闷；痰黄稠、烦躁口渴、苔黄腻脉滑数为痰热；治法=清热化痰，宣肺平喘；方=定喘汤/麻杏石甘汤加减（麻黄/杏仁/石膏/甘草配黄芩/桑白皮等）。,,,,,diagnosis,5
42岁女，失眠半年，多梦易醒，心悸健忘，食少乏力，面色少华。舌淡，脉细弱。请辨证论治。,"['[中药学 | 第二十一章 > 失眠多梦 | 失眠多梦] 1.失眠多梦\n本品味甘,\n入心`肝二经,能补养阴血。养心安神\n宜于阴虚血少之失眠多\n梦,心神不宁 ,\n常与合欢皮。酸枣仁 柏子仁等养心安神药同用;  若与珍珠母。龙骨。牡蛎等潜\n阳安神药配伍,可用治失眠,阴虚阳亢者。', '[中药学 | 第二十五章 > 虚烦,心悸,失眠  本品甘平 | 虚烦,心悸,失眠  本品甘平] 4.虚烦,心悸,失眠  本品甘平\n入心。肾经,能养心益肾\n交通心肾而宁心安神。治心肾\n不交之虚烦。心悸。失眠者,常与酸枣仁。茯神。远志等药同用。\n(用法用量)  煎服,\n6~ 158。\n(现代研究 /', '[中医诊断学 | 第三章 > 失眠 | 失眠] (一)失眠\n失眠是指患者有经常不易人睡 ,\n或睡而易醒,难以复睡,\n或时时惊醒,\n睡不安宁,葚至彻夜\n不眠的症状 ,\n或伴有多梦 ,叉称 ""不寐""  或 ""不得眠""\n失眠主要是由于机体阴阳平衡失调,阴\n虚阴盛,\n阳不入阴,神不守舍\n心神不安所致。\n引起失眠的原因有很多,主要有两个方面: -是营血亏虚,或阴虚火旺,心神失养 ,或心胆\n气虚,心神不安所致,其证属虚。二是邪气干扰,如火邪。痰热内扰心神,心神不安。或食积胃\n脘所致,其证属实。\n睡后易醒,伴心悸头晕。神疲乏力。纳少便溏者,属心脾两虚,\n心神失养;  不易入睡,伴心\n烦多梦。潮热盗汗\n腰膝酸软者 ,', '[中医诊断学 | 第七章 > 第一节 > 心血虚证 | 心血虚证] (一) 心血虚证\n心血虚证是指血液亏虚,心失濡养,以心悸。失眠。多梦及血虚症状为主要表现的证。\n证候表现) 心悸,失眠 ,多梦 ,健忘,头晕眼花,面色淡卣或萎黄,\n唇舌色淡,\n脉细无力_\n证候分析/多因劳神过度,或失血过多,或久病伤及营血引起;  也可因脾失健运或肾精亏\n损,或禀赋不足,生血之源不足而致。\n心血虚心失濡养,心动失常,故见心悸;  心神失养,神不守舍 ,\n则为失眠,多梦;  血虚不能\n上荣头`面,故见头晕眼花,\n健忘 ,\n面色淡白或萎黄 ,\n唇舌色淡;  血少脉道失充。故脉细无力。\n(辨证要点/ 心悸。失眠。多梦与血虚症状共见为主要表现c', '[中药学 | 第二十一章 > 心神不宁。心悸易惊。失眠多梦  本品甘。微寒。质重,寒能降火。重可镇怯, | 心神不宁。心悸易惊。失眠多梦  本品甘。微寒。质重,寒能降火。重可镇怯,] 1.心神不宁。心悸易惊。失眠多梦  本品甘。微寒。质重,寒能降火。重可镇怯,\n专归心\n经,既能清心经实火,又能镇惊安神,为清心。镇惊安神之要药,尤宜于心火亢盛,内扰神明之\n心神不宁,惊悸怔忡 =\n烦躁不眠者,常与黄连。甘草等清心火药同用,如黄连安神丸 (《保婴撮\n要》);  若配伍补血养心之当归。地黄等药 ,\n可治心火亢盛,\n阴血不足之失眠多梦\n心中烦热,心\n悸怔忡,如朱砂安神丸 (《内外伤辨惑论》)。', '[医案示例] 用户问题（摘要）：男性，43岁。初诊:1974年。主诉及病史:患失眠已五六年，每晚只能入睡二三小时。即使入寐也多梦纷扰，有时甚至彻夜不眠，以致头常昏痛，健忘，心悸，汗多，间或胸部憋闷而气难透出，神疲肢倦，便溏日行2次，晨起咳嗽痰多而色白。诊查:舌苔薄黄，脉细弦数。\n四步推理：\n- 信息提取：失眠;多梦;头常昏痛;健忘;心悸;汗多;胸部憋闷而气难透出;神疲肢倦;便溏;咳嗽痰多而色白;舌苔薄黄;脉细弦数\n- 病机推理：B:心肝血虚火旺; E:内蕴痰湿; F:肺脾气虚\n- 证候推理：F:痰热扰心; I:气血亏虚\n- 解释总结：临证体会：本例由于心肝血虚火旺，神魂不宁，以致长期失眠，寐少梦多，甚至彻夜不眠，头常昏痛，健忘心悸汗多，脉细弦数。从其间或胸闷而气难透出来看，可见不仅心神严重不安，而且心气渐趋阻滞。再从其便溏神疲肢倦，晨起咳嗽痰多色白来看，可见兼有肺脾气虚而内蕴痰湿。', '[医案示例] 用户问题（摘要）：女性，33岁。初诊：1975年。主诉及病史：失眠10余年，今年尤为严重。近3个月来虽临睡前服安眠药，但入睡不到3小时，甚至仅睡1小时。醒后心悸不宁，烦躁，不能再入睡。上午头昏，下午头胀痛，晚上头痛尤甚，头部筋脉紧张，颈部板紧不舒，食欲不振，嗳气，健忘，精神不易集中，情绪抑郁，以往便秘，近1个月来大便日行二三次，精神疲乏，怕冷，腰酸带下。诊查：脉弦细，舌质淡青，苔薄腻。\n四步推理：\n- 信息提取：食欲不振;嗳气;健忘\n- 病机推理：A:心失所养; E:脾不健运\n- 证候推理：F:心脾两亏\n- 解释总结：临证体会：者由思虑劳倦导致心脾两亏，脾不健运，气血生化不旺，心失所养，而成失眠、健忘，精神不易集中，皆系血不养脑所致。脾胃运化不健，生化之源不旺，气血亏虚，血不养心，以致心神不安，肝阳上扰，由失眠心悸引起头昏胀痛之症。', '[医案示例] 用户问题（摘要）：男性，60岁。初诊：1974年。主诉及病史：失眠近20年。有时腰、胸、背部有灼热疼痛感，卧时尤甚。头晕，走路有摇晃感，眼涩羞明。大便多软，有时溏泄，小便清长。诊查：脉细数，舌质红少苔。\n四步推理：\n- 信息提取：失眠;有时腰、胸、背部有灼热疼痛感;头晕;走路有摇晃感;眼涩羞明;大便多软，有时溏泄;小便清长;脉细数;舌质红少苔\n- 病机推理：A:命门火衰; D:虚阳上浮; E:肾阴虚; F:心失所养\n- 证候推理：A:心肾不交; D:阴虚阳浮\n- 解释总结：临证体会：本例属阴虚阳浮，心肾不交。肾在下而主水，心在上而主火。水欲上济于心，火欲下交于肾，阴阳协调，水火既济，始能相安无事。肾阴虚，心失所养，故失眠、多梦、心烦性急；虚阳上浮，故见头晕、发热；命门火衰，不能温煦中土，故大便多软甚或溏泄。']","- 信息提取：失眠半年；多梦易醒；心悸健忘；食少乏力；面色少华；舌淡；脉细弱  
  【来源 | 中医诊断学 | 第三章 > 失眠】  

- 病机推理：  
  1. **心血不足，心神失养**：心主神明，血虚则心神失养，故见失眠多梦、心悸健忘（符合心血虚证表现）；  
  2. **脾虚运化失职**：食少乏力、面色少华提示脾虚气血生化无源，气血不足进一步加重心失所养；  
  3. **舌淡、脉细弱**：均为气血两虚之象，尤以血虚为主。  
  【来源 | 中医诊断学 | 第七章 > 第一节 > 心血虚证】  

- 证候推理：**心脾两虚证**（主证）  
  - 心血虚：心悸、失眠多梦、健忘、面色少华、脉细弱；  
  - 脾虚：食少乏力；  
  - 符合“心脾两虚”病机：心脾互济失调，气血不足，心神失养。  
  【来源 | 中医诊断学 | 第三章 > 失眠】  

- 解释总结：  
  本例因思虑劳倦或饮食不节，致脾虚生化乏源，心血暗耗。心失血养则失眠多梦、心悸健忘；脾虚运化无力则食少乏力、面色少华；舌淡、脉细弱为气血不足之征。  
  **治法方向**：补益心脾，养血安神。可参考归脾汤加减（白术、黄芪、龙眼肉、酸枣仁等），兼顾健脾与养心。  
  【来源 | 中医诊断学 | 第三章 > 失眠】  

注：若需具体用药，需结合体质及兼症调整，线下诊疗时需由医师辨证施治。",病名=不寐；证型=心脾两虚证；要点=心血不足、脾气虚弱→心神失养，多梦易醒；心悸健忘、食少乏力、面色少华、脉细弱为心脾两虚；治法=益气健脾，养血安神；方=归脾汤加减（黄芪/党参/白术/当归/酸枣仁/龙眼肉等）。,,,,,diagnosis,5
